,treeid,spnum,spname,spcode,site,aspect,sitequal,timbersale,dominance,baselinestandBA,baselineinddbh,tension,year,month,rain,temp,growth,prevmeasdbh,olddbh,oldBA,newdbh,newBA,mardbh,marba,near,age,azimuth,azadj
1,1,621,Tulip Poplar,LITU,B10B,S,2,Y,C,100,12.3,lo,2015,may,NA,NA,NA,12.3,12.3,118.8227878,NA,NA,NA,NA,21.74,59,138,138
2,1,621,Tulip Poplar,LITU,B10B,S,2,Y,C,100,12.3,lo,2015,jun,NA,NA,NA,12.3,12.3,118.8227878,NA,NA,NA,NA,21.74,59,138,138
3,1,621,Tulip Poplar,LITU,B10B,S,2,Y,C,100,12.3,lo,2015,jul,8.85,78.09,NA,12.3,12.3,118.8227878,NA,NA,NA,NA,21.74,59,138,138
4,1,621,Tulip Poplar,LITU,B10B,S,2,Y,C,100,12.3,lo,2015,aug,NA,NA,NA,12.3,12.3,118.8227878,NA,NA,NA,NA,21.74,59,138,138
5,1,621,Tulip Poplar,LITU,B10B,S,2,Y,C,100,12.3,lo,2015,sep,NA,NA,NA,12.3,12.3,118.8227878,NA,NA,NA,NA,21.74,59,138,138
6,1,621,Tulip Poplar,LITU,B10B,S,2,Y,C,100,12.3,lo,2015,oct,6.27,74.6375,NA,12.3,12.3,118.8227878,NA,NA,NA,NA,21.74,59,138,138
7,1,621,Tulip Poplar,LITU,B10B,S,2,Y,C,100,12.3,lo,2016,may,3.24,62.07142857,0,12.3,12.3,118.8227878,12.3,118.8227878,0,0,21.74,60,138,138
8,1,621,Tulip Poplar,LITU,B10B,S,2,Y,C,100,12.3,lo,2016,jun,3.08,81.83783784,7,12.3,12.3,118.8227878,19.3,292.5527148,7,173.729927,21.74,60,138,138
9,1,621,Tulip Poplar,LITU,B10B,S,2,Y,C,100,12.3,lo,2016,jul,2.74,87.13793103,3,19.3,19.3,292.5527148,22.3,390.5703228,3,98.017608,21.74,60,138,138
10,1,621,Tulip Poplar,LITU,B10B,S,2,Y,C,100,12.3,lo,2016,aug,5.79,86.25806452,0,23.6,23.6,437.4349916,23.6,437.4349916,0,0,21.74,60,138,138
11,1,621,Tulip Poplar,LITU,B10B,S,2,Y,C,100,12.3,lo,2016,sep,3.06,82.20588235,0,23.6,23.6,437.4349916,23.6,437.4349916,0,0,21.74,60,138,138
12,1,621,Tulip Poplar,LITU,B10B,S,2,Y,C,100,12.3,lo,2016,oct,2.91,65.5625,0,23.6,23.6,437.4349916,23.6,437.4349916,0,0,21.74,60,138,138
13,1,621,Tulip Poplar,LITU,B10B,S,2,Y,C,100,12.3,lo,2017,may,3.87,67.66666667,0,23.6,23.6,437.4349916,23.6,437.4349916,0,0,21.74,61,138,138
14,1,621,Tulip Poplar,LITU,B10B,S,2,Y,C,100,12.3,lo,2017,jun,6,77.39473684,8,23.6,23.6,437.4349916,31.6,784.2665276,8,346.831536,21.74,61,138,138
15,1,621,Tulip Poplar,LITU,B10B,S,2,Y,C,100,12.3,lo,2017,jul,7.9,84,7,31.6,31.6,784.2665276,38.6,1170.210859,7,385.9443315,21.74,61,138,138
16,1,621,Tulip Poplar,LITU,B10B,S,2,Y,C,100,12.3,lo,2017,aug,8.43,79.44444444,3,38.6,38.6,1170.210859,41.6,1359.177498,3,188.9666385,21.74,61,138,138
17,1,621,Tulip Poplar,LITU,B10B,S,2,Y,C,100,12.3,lo,2017,sep,3.32,76.06896552,2,41.6,41.6,1359.177498,43.6,1493.009232,2,133.831734,21.74,61,138,138
18,1,621,Tulip Poplar,LITU,B10B,S,2,Y,C,100,12.3,lo,2017,oct,5.06,69.20512821,1,43.6,43.6,1493.009232,44.6,1562.281291,1,69.2720595,21.74,61,138,138
19,2,621,Tulip Poplar,LITU,B10B,S,3,N,C,200,9.1,lo,2015,may,NA,NA,NA,9.1,9.1,65.03876698,NA,NA,NA,NA,23.19,64,124,124
20,2,621,Tulip Poplar,LITU,B10B,S,3,N,C,200,9.1,lo,2015,jun,NA,NA,NA,9.1,9.1,65.03876698,NA,NA,NA,NA,23.19,64,124,124
21,2,621,Tulip Poplar,LITU,B10B,S,3,N,C,200,9.1,lo,2015,jul,8.85,78.09,4.5,9.1,13.6,145.2671216,18.1,257.304075,4.5,112.0369534,23.19,64,124,124
22,2,621,Tulip Poplar,LITU,B10B,S,3,N,C,200,9.1,lo,2015,aug,4.33,83.57575758,1,13.6,13.6,145.2671216,14.6,167.4153311,1,22.1482095,23.19,64,124,124
23,2,621,Tulip Poplar,LITU,B10B,S,3,N,C,200,9.1,lo,2015,sep,NA,NA,NA,14.6,14.6,167.4153311,NA,NA,NA,NA,23.19,64,124,124
24,2,621,Tulip Poplar,LITU,B10B,S,3,N,C,200,9.1,lo,2015,oct,6.27,74.6375,NA,14.6,14.6,167.4153311,NA,NA,NA,NA,23.19,64,124,124
25,2,621,Tulip Poplar,LITU,B10B,S,3,N,C,200,9.1,lo,2016,may,3.24,62.07142857,0,14.6,14.6,167.4153311,14.6,167.4153311,0,0,23.19,65,124,124
26,2,621,Tulip Poplar,LITU,B10B,S,3,N,C,200,9.1,lo,2016,jun,3.08,81.83783784,6,14.6,14.6,167.4153311,20.6,333.2912831,6,165.875952,23.19,65,124,124
27,2,621,Tulip Poplar,LITU,B10B,S,3,N,C,200,9.1,lo,2016,jul,2.74,87.13793103,0,20.6,20.6,333.2912831,20.6,333.2912831,0,0,23.19,65,124,124
28,2,621,Tulip Poplar,LITU,B10B,S,3,N,C,200,9.1,lo,2016,aug,5.79,86.25806452,0,23.6,23.6,437.4349916,23.6,437.4349916,0,0,23.19,65,124,124
29,2,621,Tulip Poplar,LITU,B10B,S,3,N,C,200,9.1,lo,2016,sep,3.06,82.20588235,0,23.6,23.6,437.4349916,23.6,437.4349916,0,0,23.19,65,124,124
30,2,621,Tulip Poplar,LITU,B10B,S,3,N,C,200,9.1,lo,2016,oct,2.91,65.5625,0,23.6,23.6,437.4349916,23.6,437.4349916,0,0,23.19,65,124,124
31,2,621,Tulip Poplar,LITU,B10B,S,3,N,C,200,9.1,lo,2017,may,3.87,67.66666667,0,23.6,23.6,437.4349916,23.6,437.4349916,0,0,23.19,66,124,124
32,2,621,Tulip Poplar,LITU,B10B,S,3,N,C,200,9.1,lo,2017,jun,6,77.39473684,7,23.6,23.6,437.4349916,30.6,735.4148031,7,297.9798115,23.19,66,124,124
33,2,621,Tulip Poplar,LITU,B10B,S,3,N,C,200,9.1,lo,2017,jul,7.9,84,4,30.6,30.6,735.4148031,34.6,940.2464711,4,204.831668,23.19,66,124,124
34,2,621,Tulip Poplar,LITU,B10B,S,3,N,C,200,9.1,lo,2017,aug,8.43,79.44444444,2,34.6,34.6,940.2464711,36.6,1052.087075,2,111.840604,23.19,66,124,124
35,2,621,Tulip Poplar,LITU,B10B,S,3,N,C,200,9.1,lo,2017,sep,3.32,76.06896552,0,36.6,36.6,1052.087075,36.6,1052.087075,0,0,23.19,66,124,124
36,2,621,Tulip Poplar,LITU,B10B,S,3,N,C,200,9.1,lo,2017,oct,5.06,69.20512821,0,36.6,36.6,1052.087075,36.6,1052.087075,0,0,23.19,66,124,124
37,3,832,Chestnut Oak,QUMO,B10B,S,3,Y,C,70,10.3,lo,2015,may,NA,NA,NA,10.3,10.3,83.32282078,NA,NA,NA,NA,22.79,65,145,145
38,3,832,Chestnut Oak,QUMO,B10B,S,3,Y,C,70,10.3,lo,2015,jun,NA,NA,NA,10.3,10.3,83.32282078,NA,NA,NA,NA,22.79,65,145,145
39,3,832,Chestnut Oak,QUMO,B10B,S,3,Y,C,70,10.3,lo,2015,jul,8.85,78.09,1,10.3,11.3,100.2874068,12.3,118.8227878,1,18.535381,22.79,65,145,145
40,3,832,Chestnut Oak,QUMO,B10B,S,3,Y,C,70,10.3,lo,2015,aug,6.85,83.70212766,0,11.3,11.3,100.2874068,11.3,100.2874068,0,0,22.79,65,145,145
41,3,832,Chestnut Oak,QUMO,B10B,S,3,Y,C,70,10.3,lo,2015,sep,NA,NA,NA,11.3,11.3,100.2874068,NA,NA,NA,NA,22.79,65,145,145
42,3,832,Chestnut Oak,QUMO,B10B,S,3,Y,C,70,10.3,lo,2015,oct,4.765,72.72727273,0.5,11.3,11.8,109.3587479,12.3,118.8227878,0.5,9.464039875,22.79,65,145,145
43,3,832,Chestnut Oak,QUMO,B10B,S,3,Y,C,70,10.3,lo,2016,may,3.24,62.07142857,0,11.8,11.8,109.3587479,11.8,109.3587479,0,0,22.79,66,145,145
44,3,832,Chestnut Oak,QUMO,B10B,S,3,Y,C,70,10.3,lo,2016,jun,3.08,81.83783784,2,11.8,11.8,109.3587479,13.8,149.5710999,2,40.212352,22.79,66,145,145
45,3,832,Chestnut Oak,QUMO,B10B,S,3,Y,C,70,10.3,lo,2016,jul,2.74,87.13793103,2,13.8,13.8,149.5710999,15.8,196.0666319,2,46.495532,22.79,66,145,145
46,3,832,Chestnut Oak,QUMO,B10B,S,3,Y,C,70,10.3,lo,2016,aug,NA,NA,NA,13.8,13.8,149.5710999,NA,NA,NA,NA,22.79,66,145,145
47,3,832,Chestnut Oak,QUMO,B10B,S,3,Y,C,70,10.3,lo,2016,sep,3.06,82.20588235,0,13.8,13.8,149.5710999,13.8,149.5710999,0,0,22.79,66,145,145
48,3,832,Chestnut Oak,QUMO,B10B,S,3,Y,C,70,10.3,lo,2016,oct,2.91,65.5625,0,13.8,13.8,149.5710999,13.8,149.5710999,0,0,22.79,66,145,145
49,3,832,Chestnut Oak,QUMO,B10B,S,3,Y,C,70,10.3,lo,2017,may,3.87,67.66666667,3,13.8,13.8,149.5710999,16.8,221.6705904,3,72.0994905,22.79,67,145,145
50,3,832,Chestnut Oak,QUMO,B10B,S,3,Y,C,70,10.3,lo,2017,jun,6,77.39473684,5,16.8,16.8,221.6705904,21.8,373.2523079,5,151.5817175,22.79,67,145,145
51,3,832,Chestnut Oak,QUMO,B10B,S,3,Y,C,70,10.3,lo,2017,jul,7.9,84,4,21.8,21.8,373.2523079,25.8,522.7919919,4,149.539684,22.79,67,145,145
52,3,832,Chestnut Oak,QUMO,B10B,S,3,Y,C,70,10.3,lo,2017,aug,8.43,79.44444444,0,25.8,25.8,522.7919919,25.8,522.7919919,0,0,22.79,67,145,145
53,3,832,Chestnut Oak,QUMO,B10B,S,3,Y,C,70,10.3,lo,2017,sep,3.32,76.06896552,0,25.8,25.8,522.7919919,25.8,522.7919919,0,0,22.79,67,145,145
54,3,832,Chestnut Oak,QUMO,B10B,S,3,Y,C,70,10.3,lo,2017,oct,5.06,69.20512821,0,25.8,25.8,522.7919919,25.8,522.7919919,0,0,22.79,67,145,145
55,4,832,Chestnut Oak,QUMO,B10B,S,3,N,D,140,12.2,lo,2015,may,NA,NA,NA,12.2,12.2,116.8985639,NA,NA,NA,NA,49.92,62,129,129
56,4,832,Chestnut Oak,QUMO,B10B,S,3,N,D,140,12.2,lo,2015,jun,NA,NA,NA,12.2,12.2,116.8985639,NA,NA,NA,NA,49.92,62,129,129
57,4,832,Chestnut Oak,QUMO,B10B,S,3,N,D,140,12.2,lo,2015,jul,8.85,78.09,0,12.2,12.2,116.8985639,12.2,116.8985639,0,0,49.92,62,129,129
58,4,832,Chestnut Oak,QUMO,B10B,S,3,N,D,140,12.2,lo,2015,aug,6.85,83.70212766,1,12.2,12.2,116.8985639,13.2,136.8476604,1,19.9490965,49.92,62,129,129
59,4,832,Chestnut Oak,QUMO,B10B,S,3,N,D,140,12.2,lo,2015,sep,NA,NA,NA,13.2,13.2,136.8476604,NA,NA,NA,NA,49.92,62,129,129
60,4,832,Chestnut Oak,QUMO,B10B,S,3,N,D,140,12.2,lo,2015,oct,4.765,72.72727273,0,13.2,13.2,136.8476604,13.2,136.8476604,0,0,49.92,62,129,129
61,4,832,Chestnut Oak,QUMO,B10B,S,3,N,D,140,12.2,lo,2016,may,3.24,62.07142857,1,13.2,13.2,136.8476604,14.2,158.3675519,1,21.5198915,49.92,63,129,129
62,4,832,Chestnut Oak,QUMO,B10B,S,3,N,D,140,12.2,lo,2016,jun,3.08,81.83783784,2,14.2,14.2,158.3675519,16.2,206.1197199,2,47.752168,49.92,63,129,129
63,4,832,Chestnut Oak,QUMO,B10B,S,3,N,D,140,12.2,lo,2016,jul,2.74,87.13793103,2,16.2,16.2,206.1197199,18.2,260.1550679,2,54.035348,49.92,63,129,129
64,4,832,Chestnut Oak,QUMO,B10B,S,3,N,D,140,12.2,lo,2016,aug,5.79,86.25806452,1,18.2,18.2,260.1550679,19.2,289.5289344,1,29.3738665,49.92,63,129,129
65,4,832,Chestnut Oak,QUMO,B10B,S,3,N,D,140,12.2,lo,2016,sep,3.06,82.20588235,0,47.5738665,47.5738665,1777.568778,47.5738665,1777.568778,0,0,49.92,63,129,129
66,4,832,Chestnut Oak,QUMO,B10B,S,3,N,D,140,12.2,lo,2016,oct,2.91,65.5625,0,47.5738665,47.5738665,1777.568778,47.5738665,1777.568778,0,0,49.92,63,129,129
67,4,832,Chestnut Oak,QUMO,B10B,S,3,N,D,140,12.2,lo,2017,may,3.87,67.66666667,0,47.5738665,47.5738665,1777.568778,47.5738665,1777.568778,0,0,49.92,64,129,129
68,4,832,Chestnut Oak,QUMO,B10B,S,3,N,D,140,12.2,lo,2017,jun,6,77.39473684,4,47.5738665,47.5738665,1777.568778,51.5738665,2089.050305,4,311.4815265,49.92,64,129,129
69,4,832,Chestnut Oak,QUMO,B10B,S,3,N,D,140,12.2,lo,2017,jul,7.9,84,0,51.5738665,51.5738665,2089.050305,51.5738665,2089.050305,0,0,49.92,64,129,129
70,4,832,Chestnut Oak,QUMO,B10B,S,3,N,D,140,12.2,lo,2017,aug,8.43,79.44444444,0,51.5738665,51.5738665,2089.050305,51.5738665,2089.050305,0,0,49.92,64,129,129
71,4,832,Chestnut Oak,QUMO,B10B,S,3,N,D,140,12.2,lo,2017,sep,3.32,76.06896552,0,51.5738665,51.5738665,2089.050305,51.5738665,2089.050305,0,0,49.92,64,129,129
72,4,832,Chestnut Oak,QUMO,B10B,S,3,N,D,140,12.2,lo,2017,oct,5.06,69.20512821,0,51.5738665,51.5738665,2089.050305,51.5738665,2089.050305,0,0,49.92,64,129,129
73,5,621,Tulip Poplar,LITU,B10B,S,2,N,D,120,21.1,hi,2015,may,NA,NA,NA,21.1,21.1,349.666821,NA,NA,NA,NA,52.07,48,129,129
74,5,621,Tulip Poplar,LITU,B10B,S,2,N,D,120,21.1,hi,2015,jun,NA,NA,NA,21.1,21.1,349.666821,NA,NA,NA,NA,52.07,48,129,129
75,5,621,Tulip Poplar,LITU,B10B,S,2,N,D,120,21.1,hi,2015,jul,8.85,78.09,6,21.1,27.1,576.803778,33.1,860.489355,6,283.685577,52.07,48,129,129
76,5,621,Tulip Poplar,LITU,B10B,S,2,N,D,120,21.1,hi,2015,aug,4.33,83.57575758,3,27.1,27.1,576.803778,30.1,711.577989,3,134.774211,52.07,48,129,129
77,5,621,Tulip Poplar,LITU,B10B,S,2,N,D,120,21.1,hi,2015,sep,NA,NA,NA,30.1,30.1,711.577989,NA,NA,NA,NA,52.07,48,129,129
78,5,621,Tulip Poplar,LITU,B10B,S,2,N,D,120,21.1,hi,2015,oct,NA,NA,NA,30.1,30.1,711.577989,NA,NA,NA,NA,52.07,48,129,129
79,5,621,Tulip Poplar,LITU,B10B,S,2,N,D,120,21.1,hi,2016,may,3.24,62.07142857,0,30.1,30.1,711.577989,30.1,711.577989,0,0,52.07,49,129,129
80,5,621,Tulip Poplar,LITU,B10B,S,2,N,D,120,21.1,hi,2016,jun,3.08,81.83783784,1,30.1,30.1,711.577989,31.1,759.644316,1,48.066327,52.07,49,129,129
81,5,621,Tulip Poplar,LITU,B10B,S,2,N,D,120,21.1,hi,2016,jul,2.74,87.13793103,3,31.1,31.1,759.644316,34.1,913.268067,3,153.623751,52.07,49,129,129
82,5,621,Tulip Poplar,LITU,B10B,S,2,N,D,120,21.1,hi,2016,aug,5.79,86.25806452,2,33.1,33.1,860.489355,35.1,967.617574,2,107.128219,52.07,49,129,129
83,5,621,Tulip Poplar,LITU,B10B,S,2,N,D,120,21.1,hi,2016,sep,3.06,82.20588235,NA,140.228219,140.228219,15444.01984,NA,NA,NA,NA,52.07,49,129,129
84,5,621,Tulip Poplar,LITU,B10B,S,2,N,D,120,21.1,hi,2016,oct,2.91,65.5625,0,140.228219,140.228219,15444.01984,140.228219,15444.01984,0,0,52.07,49,129,129
85,5,621,Tulip Poplar,LITU,B10B,S,2,N,D,120,21.1,hi,2017,may,3.87,67.66666667,0,140.228219,140.228219,15444.01984,140.228219,15444.01984,0,0,52.07,50,129,129
86,5,621,Tulip Poplar,LITU,B10B,S,2,N,D,120,21.1,hi,2017,jun,6,77.39473684,4,140.228219,140.228219,15444.01984,144.228219,16337.66534,4,893.6455011,52.07,50,129,129
87,5,621,Tulip Poplar,LITU,B10B,S,2,N,D,120,21.1,hi,2017,jul,7.9,84,7,144.228219,144.228219,16337.66534,151.228219,17962.02058,7,1624.355234,52.07,50,129,129
88,5,621,Tulip Poplar,LITU,B10B,S,2,N,D,120,21.1,hi,2017,aug,8.43,79.44444444,6,151.228219,151.228219,17962.02058,157.228219,19415.58607,6,1453.565492,52.07,50,129,129
89,5,621,Tulip Poplar,LITU,B10B,S,2,N,D,120,21.1,hi,2017,sep,3.32,76.06896552,1,157.228219,157.228219,19415.58607,158.228219,19663.34477,1,247.7586978,52.07,50,129,129
90,5,621,Tulip Poplar,LITU,B10B,S,2,N,D,120,21.1,hi,2017,oct,5.06,69.20512821,6,158.228219,158.228219,19663.34477,164.228219,21182.88365,6,1519.538882,52.07,50,129,129
91,6,621,Tulip Poplar,LITU,B10B,S,2,Y,D,60,19.5,lo,2015,may,NA,NA,NA,19.5,19.5,298.6473994,NA,NA,NA,NA,16.88,70,143,143
92,6,621,Tulip Poplar,LITU,B10B,S,2,Y,D,60,19.5,lo,2015,jun,NA,NA,NA,19.5,19.5,298.6473994,NA,NA,NA,NA,16.88,70,143,143
93,6,621,Tulip Poplar,LITU,B10B,S,2,Y,D,60,19.5,lo,2015,jul,8.85,78.09,6.5,19.5,26,530.92871,32.5,829.5761094,6.5,298.6473994,16.88,70,143,143
94,6,621,Tulip Poplar,LITU,B10B,S,2,Y,D,60,19.5,lo,2015,aug,4.33,83.57575758,1,26,26,530.92871,27,572.5547775,1,41.6260675,16.88,70,143,143
95,6,621,Tulip Poplar,LITU,B10B,S,2,Y,D,60,19.5,lo,2015,sep,NA,NA,NA,27,27,572.5547775,NA,NA,NA,NA,16.88,70,143,143
96,6,621,Tulip Poplar,LITU,B10B,S,2,Y,D,60,19.5,lo,2015,oct,6.27,74.6375,0,27,27,572.5547775,27,572.5547775,0,0,16.88,70,143,143
97,6,621,Tulip Poplar,LITU,B10B,S,2,Y,D,60,19.5,lo,2016,may,3.24,62.07142857,0,27,27,572.5547775,27,572.5547775,0,0,16.88,71,143,143
98,6,621,Tulip Poplar,LITU,B10B,S,2,Y,D,60,19.5,lo,2016,jun,3.08,81.83783784,13,27,27,572.5547775,40,1256.636,13,684.0812225,16.88,71,143,143
99,6,621,Tulip Poplar,LITU,B10B,S,2,Y,D,60,19.5,lo,2016,jul,2.74,87.13793103,7,40,40,1256.636,47,1734.943078,7,478.3070775,16.88,71,143,143
100,6,621,Tulip Poplar,LITU,B10B,S,2,Y,D,60,19.5,lo,2016,aug,5.79,86.25806452,1,43,43,1452.199978,44,1520.52956,1,68.3295825,16.88,71,143,143
101,6,621,Tulip Poplar,LITU,B10B,S,2,Y,D,60,19.5,lo,2016,sep,3.06,82.20588235,0,111.3295825,111.3295825,9734.433337,111.3295825,9734.433337,0,0,16.88,71,143,143
102,6,621,Tulip Poplar,LITU,B10B,S,2,Y,D,60,19.5,lo,2016,oct,2.91,65.5625,0,111.3295825,111.3295825,9734.433337,111.3295825,9734.433337,0,0,16.88,71,143,143
103,6,621,Tulip Poplar,LITU,B10B,S,2,Y,D,60,19.5,lo,2017,may,3.87,67.66666667,1,111.3295825,111.3295825,9734.433337,112.3295825,9910.094686,1,175.661349,16.88,72,143,143
104,6,621,Tulip Poplar,LITU,B10B,S,2,Y,D,60,19.5,lo,2017,jun,6,77.39473684,13,112.3295825,112.3295825,9910.094686,125.3295825,12336.63457,13,2426.539883,16.88,72,143,143
105,6,621,Tulip Poplar,LITU,B10B,S,2,Y,D,60,19.5,lo,2017,jul,7.9,84,9,125.3295825,125.3295825,12336.63457,134.3295825,14172.0555,9,1835.420931,16.88,72,143,143
106,6,621,Tulip Poplar,LITU,B10B,S,2,Y,D,60,19.5,lo,2017,aug,8.43,79.44444444,4,134.3295825,134.3295825,14172.0555,138.3295825,15028.63881,4,856.5833062,16.88,72,143,143
107,6,621,Tulip Poplar,LITU,B10B,S,2,Y,D,60,19.5,lo,2017,sep,3.32,76.06896552,0,138.3295825,138.3295825,15028.63881,138.3295825,15028.63881,0,0,16.88,72,143,143
108,6,621,Tulip Poplar,LITU,B10B,S,2,Y,D,60,19.5,lo,2017,oct,5.06,69.20512821,1,138.3295825,138.3295825,15028.63881,139.3295825,15246.71162,1,218.072814,16.88,72,143,143
109,7,833,Red Oak,QURU,B10B,S,1,Y,C,80,9.4,lo,2015,may,NA,NA,NA,9.4,9.4,69.3977231,NA,NA,NA,NA,72.17,88,145,145
110,7,833,Red Oak,QURU,B10B,S,1,Y,C,80,9.4,lo,2015,jun,NA,NA,NA,9.4,9.4,69.3977231,NA,NA,NA,NA,72.17,88,145,145
111,7,833,Red Oak,QURU,B10B,S,1,Y,C,80,9.4,lo,2015,jul,8.85,78.09,3.5,9.4,12.9,130.697998,16.4,211.2405116,3.5,80.54251363,72.17,88,145,145
112,7,833,Red Oak,QURU,B10B,S,1,Y,C,80,9.4,lo,2015,aug,4.33,83.57575758,3,12.9,12.9,130.697998,15.9,198.556342,3,67.858344,72.17,88,145,145
113,7,833,Red Oak,QURU,B10B,S,1,Y,C,80,9.4,lo,2015,sep,NA,NA,NA,15.9,15.9,198.556342,NA,NA,NA,NA,72.17,88,145,145
114,7,833,Red Oak,QURU,B10B,S,1,Y,C,80,9.4,lo,2015,oct,6.27,74.6375,1,15.9,16.9,224.31738,17.9,251.649213,1,27.331833,72.17,88,145,145
115,7,833,Red Oak,QURU,B10B,S,1,Y,C,80,9.4,lo,2016,may,3.24,62.07142857,2,16.9,16.9,224.31738,18.9,280.551841,2,56.234461,72.17,89,145,145
116,7,833,Red Oak,QURU,B10B,S,1,Y,C,80,9.4,lo,2016,jun,3.08,81.83783784,5,18.9,18.9,280.551841,23.9,448.626906,5,168.075065,72.17,89,145,145
117,7,833,Red Oak,QURU,B10B,S,1,Y,C,80,9.4,lo,2016,jul,2.74,87.13793103,2,23.9,23.9,448.626906,25.9,526.852497,2,78.225591,72.17,89,145,145
118,7,833,Red Oak,QURU,B10B,S,1,Y,C,80,9.4,lo,2016,aug,6.49,86.26315789,2,30.9,30.9,749.905387,32.9,850.122108,2,100.216721,72.17,89,145,145
119,7,833,Red Oak,QURU,B10B,S,1,Y,C,80,9.4,lo,2016,sep,2.3,80.92592593,1,131.116721,131.116721,13502.23536,132.116721,13708.97825,1,206.7428873,72.17,89,145,145
120,7,833,Red Oak,QURU,B10B,S,1,Y,C,80,9.4,lo,2016,oct,2.91,65.5625,0,337.8596083,337.8596083,89652.42949,337.8596083,89652.42949,0,0,72.17,89,145,145
121,7,833,Red Oak,QURU,B10B,S,1,Y,C,80,9.4,lo,2017,may,3.87,67.66666667,4,337.8596083,337.8596083,89652.42949,341.8596083,91787.82858,4,2135.399094,72.17,90,145,145
122,7,833,Red Oak,QURU,B10B,S,1,Y,C,80,9.4,lo,2017,jun,6,77.39473684,5,341.8596083,341.8596083,91787.82858,346.8596083,94492.42033,5,2704.591755,72.17,90,145,145
123,7,833,Red Oak,QURU,B10B,S,1,Y,C,80,9.4,lo,2017,jul,7.9,84,4,346.8596083,346.8596083,94492.42033,350.8596083,96684.36805,4,2191.947714,72.17,90,145,145
124,7,833,Red Oak,QURU,B10B,S,1,Y,C,80,9.4,lo,2017,aug,8.43,79.35135135,3,350.8596083,350.8596083,96684.36805,353.8596083,98344.82218,3,1660.454133,72.17,90,145,145
125,7,833,Red Oak,QURU,B10B,S,1,Y,C,80,9.4,lo,2017,sep,3.07,76.53571429,0,353.8596083,353.8596083,98344.82218,353.8596083,98344.82218,0,0,72.17,90,145,145
126,7,833,Red Oak,QURU,B10B,S,1,Y,C,80,9.4,lo,2017,oct,5.06,69.20512821,0,353.8596083,353.8596083,98344.82218,353.8596083,98344.82218,0,0,72.17,90,145,145
127,8,833,Red Oak,QURU,B10B,S,1,Y,D,80,25.5,hi,2015,may,NA,NA,NA,25.5,25.5,510.7047244,NA,NA,NA,NA,34.02,120,131,131
128,8,833,Red Oak,QURU,B10B,S,1,Y,D,80,25.5,hi,2015,jun,NA,NA,NA,25.5,25.5,510.7047244,NA,NA,NA,NA,34.02,120,131,131
129,8,833,Red Oak,QURU,B10B,S,1,Y,D,80,25.5,hi,2015,jul,8.85,78.09,1.5,25.5,27,572.5547775,28.5,637.9391194,1.5,65.38434188,34.02,120,131,131
130,8,833,Red Oak,QURU,B10B,S,1,Y,D,80,25.5,hi,2015,aug,4.33,83.57575758,2,27,27,572.5547775,29,660.5192975,2,87.96452,34.02,120,131,131
131,8,833,Red Oak,QURU,B10B,S,1,Y,D,80,25.5,hi,2015,sep,NA,NA,NA,29,29,660.5192975,NA,NA,NA,NA,34.02,120,131,131
132,8,833,Red Oak,QURU,B10B,S,1,Y,D,80,25.5,hi,2015,oct,6.27,74.6375,2,29,31,754.7669975,33,855.2978775,2,100.53088,34.02,120,131,131
133,8,833,Red Oak,QURU,B10B,S,1,Y,D,80,25.5,hi,2016,may,3.24,62.07142857,3,31,31,754.7669975,34,907.91951,3,153.1525125,34.02,121,131,131
134,8,833,Red Oak,QURU,B10B,S,1,Y,D,80,25.5,hi,2016,jun,3.08,81.83783784,0,34,34,907.91951,34,907.91951,0,0,34.02,121,131,131
135,8,833,Red Oak,QURU,B10B,S,1,Y,D,80,25.5,hi,2016,jul,2.74,87.13793103,4,34,34,907.91951,38,1134.11399,4,226.19448,34.02,121,131,131
136,8,833,Red Oak,QURU,B10B,S,1,Y,D,80,25.5,hi,2016,aug,6.49,86.26315789,3,36,36,1017.87516,39,1194.589598,3,176.7144375,34.02,121,131,131
137,8,833,Red Oak,QURU,B10B,S,1,Y,D,80,25.5,hi,2016,sep,2.3,80.92592593,0,212.7144375,212.7144375,35537.21991,212.7144375,35537.21991,0,0,34.02,121,131,131
138,8,833,Red Oak,QURU,B10B,S,1,Y,D,80,25.5,hi,2016,oct,2.91,65.5625,1,212.7144375,212.7144375,35537.21991,213.7144375,35872.13608,1,334.9161724,34.02,121,131,131
139,8,833,Red Oak,QURU,B10B,S,1,Y,D,80,25.5,hi,2017,may,3.87,67.66666667,4,213.7144375,213.7144375,35872.13608,217.7144375,37227.50872,4,1355.372639,34.02,122,131,131
140,8,833,Red Oak,QURU,B10B,S,1,Y,D,80,25.5,hi,2017,jun,6,77.39473684,4,217.7144375,217.7144375,37227.50872,221.7144375,38608.01408,4,1380.505359,34.02,122,131,131
141,8,833,Red Oak,QURU,B10B,S,1,Y,D,80,25.5,hi,2017,jul,7.9,84,2,221.7144375,221.7144375,38608.01408,223.7144375,39307.69153,2,699.6774497,34.02,122,131,131
142,8,833,Red Oak,QURU,B10B,S,1,Y,D,80,25.5,hi,2017,aug,8.43,79.35135135,0,223.7144375,223.7144375,39307.69153,223.7144375,39307.69153,0,0,34.02,122,131,131
143,8,833,Red Oak,QURU,B10B,S,1,Y,D,80,25.5,hi,2017,sep,3.07,76.53571429,0,223.7144375,223.7144375,39307.69153,223.7144375,39307.69153,0,0,34.02,122,131,131
144,8,833,Red Oak,QURU,B10B,S,1,Y,D,80,25.5,hi,2017,oct,5.06,69.20512821,1,223.7144375,223.7144375,39307.69153,224.7144375,39659.88645,1,352.1949174,34.02,122,131,131
145,9,409,Mockernut Hickory,CATO,B10B,S,1,Y,C,90,10,lo,2015,may,NA,NA,NA,10,10,78.53975,NA,NA,NA,NA,23.33,68,92,92
146,9,409,Mockernut Hickory,CATO,B10B,S,1,Y,C,90,10,lo,2015,jun,NA,NA,NA,10,10,78.53975,NA,NA,NA,NA,23.33,68,92,92
147,9,409,Mockernut Hickory,CATO,B10B,S,1,Y,C,90,10,lo,2015,jul,8.85,78.09,1.5,10,11.5,103.8688194,13,132.7321775,1.5,28.86335813,23.33,68,92,92
148,9,409,Mockernut Hickory,CATO,B10B,S,1,Y,C,90,10,lo,2015,aug,4.33,83.57575758,0,11.5,11.5,103.8688194,11.5,103.8688194,0,0,23.33,68,92,92
149,9,409,Mockernut Hickory,CATO,B10B,S,1,Y,C,90,10,lo,2015,sep,NA,NA,NA,11.5,11.5,103.8688194,NA,NA,NA,NA,23.33,68,92,92
150,9,409,Mockernut Hickory,CATO,B10B,S,1,Y,C,90,10,lo,2015,oct,6.27,74.6375,0,11.5,11.5,103.8688194,11.5,103.8688194,0,0,23.33,68,92,92
151,9,409,Mockernut Hickory,CATO,B10B,S,1,Y,C,90,10,lo,2016,may,3.24,62.07142857,0,11.5,11.5,103.8688194,11.5,103.8688194,0,0,23.33,69,92,92
152,9,409,Mockernut Hickory,CATO,B10B,S,1,Y,C,90,10,lo,2016,jun,3.08,81.83783784,0,11.5,11.5,103.8688194,11.5,103.8688194,0,0,23.33,69,92,92
153,9,409,Mockernut Hickory,CATO,B10B,S,1,Y,C,90,10,lo,2016,jul,NA,NA,NA,11.5,11.5,103.8688194,NA,NA,NA,NA,23.33,69,92,92
154,9,409,Mockernut Hickory,CATO,B10B,S,1,Y,C,90,10,lo,2016,aug,6.49,86.26315789,0,15.5,15.5,188.6917494,15.5,188.6917494,0,0,23.33,69,92,92
155,9,409,Mockernut Hickory,CATO,B10B,S,1,Y,C,90,10,lo,2016,sep,2.3,80.92592593,0,15.5,15.5,188.6917494,15.5,188.6917494,0,0,23.33,69,92,92
156,9,409,Mockernut Hickory,CATO,B10B,S,1,Y,C,90,10,lo,2016,oct,2.91,65.5625,0,15.5,15.5,188.6917494,15.5,188.6917494,0,0,23.33,69,92,92
157,9,409,Mockernut Hickory,CATO,B10B,S,1,Y,C,90,10,lo,2017,may,3.87,67.66666667,0,15.5,15.5,188.6917494,15.5,188.6917494,0,0,23.33,70,92,92
158,9,409,Mockernut Hickory,CATO,B10B,S,1,Y,C,90,10,lo,2017,jun,6,77.39473684,1,15.5,15.5,188.6917494,16.5,213.8244694,1,25.13272,23.33,70,92,92
159,9,409,Mockernut Hickory,CATO,B10B,S,1,Y,C,90,10,lo,2017,jul,7.9,84,4,16.5,16.5,213.8244694,20.5,330.0632994,4,116.23883,23.33,70,92,92
160,9,409,Mockernut Hickory,CATO,B10B,S,1,Y,C,90,10,lo,2017,aug,8.43,79.35135135,0.5,20.5,20.5,330.0632994,21,346.3602975,0.5,16.29699813,23.33,70,92,92
161,9,409,Mockernut Hickory,CATO,B10B,S,1,Y,C,90,10,lo,2017,sep,3.07,76.53571429,0,21,21,346.3602975,21,346.3602975,0,0,23.33,70,92,92
162,9,409,Mockernut Hickory,CATO,B10B,S,1,Y,C,90,10,lo,2017,oct,5.06,69.20512821,0,21,21,346.3602975,21,346.3602975,0,0,23.33,70,92,92
163,10,833,Red Oak,QURU,B10B,S,1,N,D,140,23.4,hi,2015,may,NA,NA,NA,23.4,23.4,430.0522551,NA,NA,NA,NA,28.78,72,159,159
164,10,833,Red Oak,QURU,B10B,S,1,N,D,140,23.4,hi,2015,jun,NA,NA,NA,23.4,23.4,430.0522551,NA,NA,NA,NA,28.78,72,159,159
165,10,833,Red Oak,QURU,B10B,S,1,N,D,140,23.4,hi,2015,jul,8.85,78.09,NA,23.4,23.4,430.0522551,NA,NA,NA,NA,28.78,72,159,159
166,10,833,Red Oak,QURU,B10B,S,1,N,D,140,23.4,hi,2015,aug,NA,NA,NA,23.4,23.4,430.0522551,NA,NA,NA,NA,28.78,72,159,159
167,10,833,Red Oak,QURU,B10B,S,1,N,D,140,23.4,hi,2015,sep,NA,NA,NA,23.4,23.4,430.0522551,NA,NA,NA,NA,28.78,72,159,159
168,10,833,Red Oak,QURU,B10B,S,1,N,D,140,23.4,hi,2015,oct,NA,NA,NA,23.4,23.4,430.0522551,NA,NA,NA,NA,28.78,72,159,159
169,10,833,Red Oak,QURU,B10B,S,1,N,D,140,23.4,hi,2016,may,3.24,62.07142857,1,23.4,23.4,430.0522551,24.4,467.5942556,1,37.5420005,28.78,73,159,159
170,10,833,Red Oak,QURU,B10B,S,1,N,D,140,23.4,hi,2016,jun,3.08,81.83783784,2,24.4,24.4,467.5942556,26.4,547.3906416,2,79.796386,28.78,73,159,159
171,10,833,Red Oak,QURU,B10B,S,1,N,D,140,23.4,hi,2016,jul,2.74,87.13793103,2,26.4,26.4,547.3906416,28.4,633.4702076,2,86.079566,28.78,73,159,159
172,10,833,Red Oak,QURU,B10B,S,1,N,D,140,23.4,hi,2016,aug,NA,NA,NA,28.4,28.4,633.4702076,NA,NA,NA,NA,28.78,73,159,159
173,10,833,Red Oak,QURU,B10B,S,1,N,D,140,23.4,hi,2016,sep,2.3,80.92592593,0,28.4,28.4,633.4702076,28.4,633.4702076,0,0,28.78,73,159,159
174,10,833,Red Oak,QURU,B10B,S,1,N,D,140,23.4,hi,2016,oct,2.91,65.5625,2,28.4,28.4,633.4702076,30.4,725.8329536,2,92.362746,28.78,73,159,159
175,10,833,Red Oak,QURU,B10B,S,1,N,D,140,23.4,hi,2017,may,3.87,67.66666667,0,30.4,30.4,725.8329536,30.4,725.8329536,0,0,28.78,74,159,159
176,10,833,Red Oak,QURU,B10B,S,1,N,D,140,23.4,hi,2017,jun,NA,NA,NA,30.4,30.4,725.8329536,NA,NA,NA,NA,28.78,74,159,159
177,10,833,Red Oak,QURU,B10B,S,1,N,D,140,23.4,hi,2017,jul,7.9,84,0,30.4,30.4,725.8329536,30.4,725.8329536,0,0,28.78,74,159,159
178,10,833,Red Oak,QURU,B10B,S,1,N,D,140,23.4,hi,2017,aug,8.43,79.35135135,1,30.4,30.4,725.8329536,31.4,774.3705191,1,48.5375655,28.78,74,159,159
179,10,833,Red Oak,QURU,B10B,S,1,N,D,140,23.4,hi,2017,sep,3.07,76.53571429,0,31.4,31.4,774.3705191,31.4,774.3705191,0,0,28.78,74,159,159
180,10,833,Red Oak,QURU,B10B,S,1,N,D,140,23.4,hi,2017,oct,5.06,69.20512821,NA,31.4,31.4,774.3705191,NA,NA,NA,NA,28.78,74,159,159
181,11,833,Red Oak,QURU,B10B,S,1,N,C,150,9.3,lo,2015,may,NA,NA,NA,9.3,9.3,67.92902978,NA,NA,NA,NA,23.99,78,159,159
182,11,833,Red Oak,QURU,B10B,S,1,N,C,150,9.3,lo,2015,jun,NA,NA,NA,9.3,9.3,67.92902978,NA,NA,NA,NA,23.99,78,159,159
183,11,833,Red Oak,QURU,B10B,S,1,N,C,150,9.3,lo,2015,jul,8.85,78.09,1,9.3,10.3,83.32282078,11.3,100.2874068,1,16.964586,23.99,78,159,159
184,11,833,Red Oak,QURU,B10B,S,1,N,C,150,9.3,lo,2015,aug,4.33,83.57575758,1,10.3,10.3,83.32282078,11.3,100.2874068,1,16.964586,23.99,78,159,159
185,11,833,Red Oak,QURU,B10B,S,1,N,C,150,9.3,lo,2015,sep,NA,NA,NA,11.3,11.3,100.2874068,NA,NA,NA,NA,23.99,78,159,159
186,11,833,Red Oak,QURU,B10B,S,1,N,C,150,9.3,lo,2015,oct,6.27,74.6375,1,11.3,12.3,118.8227878,13.3,138.9289638,1,20.106176,23.99,78,159,159
187,11,833,Red Oak,QURU,B10B,S,1,N,C,150,9.3,lo,2016,may,NA,NA,NA,12.3,12.3,118.8227878,NA,NA,NA,NA,23.99,79,159,159
188,11,833,Red Oak,QURU,B10B,S,1,N,C,150,9.3,lo,2016,jun,3.08,81.83783784,0,12.3,12.3,118.8227878,12.3,118.8227878,0,0,23.99,79,159,159
189,11,833,Red Oak,QURU,B10B,S,1,N,C,150,9.3,lo,2016,jul,2.74,87.13793103,1,12.3,12.3,118.8227878,13.3,138.9289638,1,20.106176,23.99,79,159,159
190,11,833,Red Oak,QURU,B10B,S,1,N,C,150,9.3,lo,2016,aug,6.49,86.26315789,0,13.3,13.3,138.9289638,13.3,138.9289638,0,0,23.99,79,159,159
191,11,833,Red Oak,QURU,B10B,S,1,N,C,150,9.3,lo,2016,sep,2.3,80.92592593,1,13.3,13.3,138.9289638,14.3,160.6059348,1,21.676971,23.99,79,159,159
192,11,833,Red Oak,QURU,B10B,S,1,N,C,150,9.3,lo,2016,oct,2.91,65.5625,0,14.3,14.3,160.6059348,14.3,160.6059348,0,0,23.99,79,159,159
193,11,833,Red Oak,QURU,B10B,S,1,N,C,150,9.3,lo,2017,may,3.87,67.66666667,3,14.3,14.3,160.6059348,17.3,235.0616178,3,74.455683,23.99,80,159,159
194,11,833,Red Oak,QURU,B10B,S,1,N,C,150,9.3,lo,2017,jun,6,77.39473684,0,17.3,17.3,235.0616178,17.3,235.0616178,0,0,23.99,80,159,159
195,11,833,Red Oak,QURU,B10B,S,1,N,C,150,9.3,lo,2017,jul,7.9,84,0,17.3,17.3,235.0616178,17.3,235.0616178,0,0,23.99,80,159,159
196,11,833,Red Oak,QURU,B10B,S,1,N,C,150,9.3,lo,2017,aug,8.43,79.35135135,NA,17.3,17.3,235.0616178,NA,NA,NA,NA,23.99,80,159,159
197,11,833,Red Oak,QURU,B10B,S,1,N,C,150,9.3,lo,2017,sep,3.07,76.53571429,0,17.3,17.3,235.0616178,17.3,235.0616178,0,0,23.99,80,159,159
198,11,833,Red Oak,QURU,B10B,S,1,N,C,150,9.3,lo,2017,oct,5.06,69.20512821,0,17.3,17.3,235.0616178,17.3,235.0616178,0,0,23.99,80,159,159
199,12,409,Mockernut Hickory,CATO,B10B,S,1,N,C,110,11.6,lo,2015,may,NA,NA,NA,11.6,11.6,105.6830876,NA,NA,NA,NA,18.18,119,159,159
200,12,409,Mockernut Hickory,CATO,B10B,S,1,N,C,110,11.6,lo,2015,jun,NA,NA,NA,11.6,11.6,105.6830876,NA,NA,NA,NA,18.18,119,159,159
201,12,409,Mockernut Hickory,CATO,B10B,S,1,N,C,110,11.6,lo,2015,jul,8.85,78.09,2,11.6,13.6,145.2671216,15.6,191.1343356,2,45.867214,18.18,119,159,159
202,12,409,Mockernut Hickory,CATO,B10B,S,1,N,C,110,11.6,lo,2015,aug,4.33,83.57575758,3,13.6,13.6,145.2671216,16.6,216.4241351,3,71.1570135,18.18,119,159,159
203,12,409,Mockernut Hickory,CATO,B10B,S,1,N,C,110,11.6,lo,2015,sep,NA,NA,NA,16.6,16.6,216.4241351,NA,NA,NA,NA,18.18,119,159,159
204,12,409,Mockernut Hickory,CATO,B10B,S,1,N,C,110,11.6,lo,2015,oct,6.27,74.6375,0,16.6,16.6,216.4241351,16.6,216.4241351,0,0,18.18,119,159,159
205,12,409,Mockernut Hickory,CATO,B10B,S,1,N,C,110,11.6,lo,2016,may,3.24,62.07142857,2,16.6,16.6,216.4241351,18.6,271.7161191,2,55.291984,18.18,120,159,159
206,12,409,Mockernut Hickory,CATO,B10B,S,1,N,C,110,11.6,lo,2016,jun,3.08,81.83783784,2,18.6,18.6,271.7161191,20.6,333.2912831,2,61.575164,18.18,120,159,159
207,12,409,Mockernut Hickory,CATO,B10B,S,1,N,C,110,11.6,lo,2016,jul,2.74,87.13793103,0,20.6,20.6,333.2912831,20.6,333.2912831,0,0,18.18,120,159,159
208,12,409,Mockernut Hickory,CATO,B10B,S,1,N,C,110,11.6,lo,2016,aug,6.49,86.26315789,0,20.6,20.6,333.2912831,20.6,333.2912831,0,0,18.18,120,159,159
209,12,409,Mockernut Hickory,CATO,B10B,S,1,N,C,110,11.6,lo,2016,sep,2.3,80.92592593,0,20.6,20.6,333.2912831,20.6,333.2912831,0,0,18.18,120,159,159
210,12,409,Mockernut Hickory,CATO,B10B,S,1,N,C,110,11.6,lo,2016,oct,2.91,65.5625,0,20.6,20.6,333.2912831,20.6,333.2912831,0,0,18.18,120,159,159
211,12,409,Mockernut Hickory,CATO,B10B,S,1,N,C,110,11.6,lo,2017,may,3.87,67.66666667,0,20.6,20.6,333.2912831,20.6,333.2912831,0,0,18.18,121,159,159
212,12,409,Mockernut Hickory,CATO,B10B,S,1,N,C,110,11.6,lo,2017,jun,6,77.39473684,0,20.6,20.6,333.2912831,20.6,333.2912831,0,0,18.18,121,159,159
213,12,409,Mockernut Hickory,CATO,B10B,S,1,N,C,110,11.6,lo,2017,jul,7.9,84,0,20.6,20.6,333.2912831,20.6,333.2912831,0,0,18.18,121,159,159
214,12,409,Mockernut Hickory,CATO,B10B,S,1,N,C,110,11.6,lo,2017,aug,8.43,79.35135135,0,20.6,20.6,333.2912831,20.6,333.2912831,0,0,18.18,121,159,159
215,12,409,Mockernut Hickory,CATO,B10B,S,1,N,C,110,11.6,lo,2017,sep,3.07,76.53571429,1,20.6,20.6,333.2912831,21.6,366.4350576,1,33.1437745,18.18,121,159,159
216,12,409,Mockernut Hickory,CATO,B10B,S,1,N,C,110,11.6,lo,2017,oct,5.06,69.20512821,NA,21.6,21.6,366.4350576,NA,NA,NA,NA,18.18,121,159,159
217,13,802,White Oak,QUAL,B06B,N,1,Y,C,70,14.5,lo,2015,may,NA,NA,NA,14.5,14.5,165.1298244,NA,NA,NA,NA,32.31,85,359,1
218,13,802,White Oak,QUAL,B06B,N,1,Y,C,70,14.5,lo,2015,jun,11.87,77.65625,0,14.5,14.5,165.1298244,14.5,165.1298244,0,0,32.31,85,359,1
219,13,802,White Oak,QUAL,B06B,N,1,Y,C,70,14.5,lo,2015,jul,NA,NA,NA,14.5,14.5,165.1298244,NA,NA,NA,NA,32.31,85,359,1
220,13,802,White Oak,QUAL,B06B,N,1,Y,C,70,14.5,lo,2015,aug,6,82.31,0,14.5,14.5,165.1298244,14.5,165.1298244,0,0,32.31,85,359,1
221,13,802,White Oak,QUAL,B06B,N,1,Y,C,70,14.5,lo,2015,sep,NA,NA,NA,14.5,14.5,165.1298244,NA,NA,NA,NA,32.31,85,359,1
222,13,802,White Oak,QUAL,B06B,N,1,Y,C,70,14.5,lo,2015,oct,4.765,72.72727273,0,14.5,14.5,165.1298244,14.5,165.1298244,0,0,32.31,85,359,1
223,13,802,White Oak,QUAL,B06B,N,1,Y,C,70,14.5,lo,2016,may,3.24,62.07142857,0,14.5,14.5,165.1298244,14.5,165.1298244,0,0,32.31,86,359,1
224,13,802,White Oak,QUAL,B06B,N,1,Y,C,70,14.5,lo,2016,jun,3.08,81.83783784,0,14.5,14.5,165.1298244,14.5,165.1298244,0,0,32.31,86,359,1
225,13,802,White Oak,QUAL,B06B,N,1,Y,C,70,14.5,lo,2016,jul,2.74,87.13793103,2,14.5,14.5,165.1298244,16.5,213.8244694,2,48.694645,32.31,86,359,1
226,13,802,White Oak,QUAL,B06B,N,1,Y,C,70,14.5,lo,2016,aug,6.49,86.26315789,3,16.5,16.5,213.8244694,19.5,298.6473994,3,84.82293,32.31,86,359,1
227,13,802,White Oak,QUAL,B06B,N,1,Y,C,70,14.5,lo,2016,sep,2.3,80.92592593,0,19.5,19.5,298.6473994,19.5,298.6473994,0,0,32.31,86,359,1
228,13,802,White Oak,QUAL,B06B,N,1,Y,C,70,14.5,lo,2016,oct,2.91,65.5625,0,19.5,19.5,298.6473994,19.5,298.6473994,0,0,32.31,86,359,1
229,13,802,White Oak,QUAL,B06B,N,1,Y,C,70,14.5,lo,2017,may,3.87,67.66666667,3,19.5,19.5,298.6473994,22.5,397.6074844,3,98.960085,32.31,87,359,1
230,13,802,White Oak,QUAL,B06B,N,1,Y,C,70,14.5,lo,2017,jun,6,77.41666667,4.5,22.5,22.5,397.6074844,27,572.5547775,4.5,174.9472931,32.31,87,359,1
231,13,802,White Oak,QUAL,B06B,N,1,Y,C,70,14.5,lo,2017,jul,7.98,83.5,3,27,27,572.5547775,30,706.85775,3,134.3029725,32.31,87,359,1
232,13,802,White Oak,QUAL,B06B,N,1,Y,C,70,14.5,lo,2017,aug,8.43,79.44444444,1,30,30,706.85775,31,754.7669975,1,47.9092475,32.31,87,359,1
233,13,802,White Oak,QUAL,B06B,N,1,Y,C,70,14.5,lo,2017,sep,3.32,76.06896552,NA,31,31,754.7669975,NA,NA,NA,NA,32.31,87,359,1
234,13,802,White Oak,QUAL,B06B,N,1,Y,C,70,14.5,lo,2017,oct,5.57,68.52380952,0,31,31,754.7669975,31,754.7669975,0,0,32.31,87,359,1
235,14,802,White Oak,QUAL,B06B,N,1,N,C,140,11.6,lo,2015,may,NA,NA,NA,11.6,11.6,105.6830876,NA,NA,NA,NA,21.56,82,353,7
236,14,802,White Oak,QUAL,B06B,N,1,N,C,140,11.6,lo,2015,jun,11.87,77.65625,0,11.6,11.6,105.6830876,11.6,105.6830876,0,0,21.56,82,353,7
237,14,802,White Oak,QUAL,B06B,N,1,N,C,140,11.6,lo,2015,jul,NA,NA,NA,11.6,11.6,105.6830876,NA,NA,NA,NA,21.56,82,353,7
238,14,802,White Oak,QUAL,B06B,N,1,N,C,140,11.6,lo,2015,aug,6,82.31,1,11.6,12.6,124.6897071,13.6,145.2671216,1,20.5774145,21.56,82,353,7
239,14,802,White Oak,QUAL,B06B,N,1,N,C,140,11.6,lo,2015,sep,NA,NA,NA,12.6,12.6,124.6897071,NA,NA,NA,NA,21.56,82,353,7
240,14,802,White Oak,QUAL,B06B,N,1,N,C,140,11.6,lo,2015,oct,4.765,72.72727273,1.25,12.6,13.85,150.6569119,15.1,179.078484,1.25,28.42157203,21.56,82,353,7
241,14,802,White Oak,QUAL,B06B,N,1,N,C,140,11.6,lo,2016,may,3.24,62.07142857,0,13.85,13.85,150.6569119,13.85,150.6569119,0,0,21.56,83,353,7
242,14,802,White Oak,QUAL,B06B,N,1,N,C,140,11.6,lo,2016,jun,3.08,81.83783784,1,13.85,13.85,150.6569119,14.85,173.1978202,1,22.54090825,21.56,83,353,7
243,14,802,White Oak,QUAL,B06B,N,1,N,C,140,11.6,lo,2016,jul,2.74,87.13793103,1,14.85,14.85,173.1978202,15.85,197.3095234,1,24.11170325,21.56,83,353,7
244,14,802,White Oak,QUAL,B06B,N,1,N,C,140,11.6,lo,2016,aug,6.49,86.26315789,0,15.85,15.85,197.3095234,15.85,197.3095234,0,0,21.56,83,353,7
245,14,802,White Oak,QUAL,B06B,N,1,N,C,140,11.6,lo,2016,sep,2.3,80.92592593,0,15.85,15.85,197.3095234,15.85,197.3095234,0,0,21.56,83,353,7
246,14,802,White Oak,QUAL,B06B,N,1,N,C,140,11.6,lo,2016,oct,2.91,65.5625,0,15.85,15.85,197.3095234,15.85,197.3095234,0,0,21.56,83,353,7
247,14,802,White Oak,QUAL,B06B,N,1,N,C,140,11.6,lo,2017,may,3.87,67.66666667,0,15.85,15.85,197.3095234,15.85,197.3095234,0,0,21.56,84,353,7
248,14,802,White Oak,QUAL,B06B,N,1,N,C,140,11.6,lo,2017,jun,6,77.41666667,0,15.85,15.85,197.3095234,15.85,197.3095234,0,0,21.56,84,353,7
249,14,802,White Oak,QUAL,B06B,N,1,N,C,140,11.6,lo,2017,jul,7.98,83.5,0,15.85,15.85,197.3095234,15.85,197.3095234,0,0,21.56,84,353,7
250,14,802,White Oak,QUAL,B06B,N,1,N,C,140,11.6,lo,2017,aug,8.43,79.44444444,0,15.85,15.85,197.3095234,15.85,197.3095234,0,0,21.56,84,353,7
251,14,802,White Oak,QUAL,B06B,N,1,N,C,140,11.6,lo,2017,sep,3.32,76.06896552,0,15.85,15.85,197.3095234,15.85,197.3095234,0,0,21.56,84,353,7
252,14,802,White Oak,QUAL,B06B,N,1,N,C,140,11.6,lo,2017,oct,5.57,68.52380952,0,15.85,15.85,197.3095234,15.85,197.3095234,0,0,21.56,84,353,7
253,15,833,Red Oak,QURU,B06B,N,1,Y,C,100,11.5,lo,2015,may,NA,NA,NA,11.5,11.5,103.8688194,NA,NA,NA,NA,36.4,77,332,28
254,15,833,Red Oak,QURU,B06B,N,1,Y,C,100,11.5,lo,2015,jun,11.87,77.65625,6,11.5,11.5,103.8688194,17.5,240.5279844,6,136.659165,36.4,77,332,28
255,15,833,Red Oak,QURU,B06B,N,1,Y,C,100,11.5,lo,2015,jul,NA,NA,NA,17.5,17.5,240.5279844,NA,NA,NA,NA,36.4,77,332,28
256,15,833,Red Oak,QURU,B06B,N,1,Y,C,100,11.5,lo,2015,aug,NA,NA,NA,17.5,17.5,240.5279844,NA,NA,NA,NA,36.4,77,332,28
257,15,833,Red Oak,QURU,B06B,N,1,Y,C,100,11.5,lo,2015,sep,NA,NA,NA,17.5,17.5,240.5279844,NA,NA,NA,NA,36.4,77,332,28
258,15,833,Red Oak,QURU,B06B,N,1,Y,C,100,11.5,lo,2015,oct,NA,NA,NA,17.5,17.5,240.5279844,NA,NA,NA,NA,36.4,77,332,28
259,15,833,Red Oak,QURU,B06B,N,1,Y,C,100,11.5,lo,2016,may,3.24,62.07142857,1,17.5,17.5,240.5279844,18.5,268.8022944,1,28.27431,36.4,78,332,28
260,15,833,Red Oak,QURU,B06B,N,1,Y,C,100,11.5,lo,2016,jun,3.08,81.83783784,7,18.5,18.5,268.8022944,25.5,510.7047244,7,241.90243,36.4,78,332,28
261,15,833,Red Oak,QURU,B06B,N,1,Y,C,100,11.5,lo,2016,jul,2.74,87.13793103,5,25.5,25.5,510.7047244,30.5,730.6160244,5,219.9113,36.4,78,332,28
262,15,833,Red Oak,QURU,B06B,N,1,Y,C,100,11.5,lo,2016,aug,6.49,86.26315789,5,30.5,30.5,730.6160244,35.5,989.7971994,5,259.181175,36.4,78,332,28
263,15,833,Red Oak,QURU,B06B,N,1,Y,C,100,11.5,lo,2016,sep,2.3,80.92592593,1,35.5,35.5,989.7971994,36.5,1046.345819,1,56.54862,36.4,78,332,28
264,15,833,Red Oak,QURU,B06B,N,1,Y,C,100,11.5,lo,2016,oct,2.91,65.5625,0,36.5,36.5,1046.345819,36.5,1046.345819,0,0,36.4,78,332,28
265,15,833,Red Oak,QURU,B06B,N,1,Y,C,100,11.5,lo,2017,may,3.87,67.66666667,7,36.5,36.5,1046.345819,43.5,1486.168419,7,439.8226,36.4,79,332,28
266,15,833,Red Oak,QURU,B06B,N,1,Y,C,100,11.5,lo,2017,jun,6,77.41666667,12,43.5,43.5,1486.168419,55.5,2419.220649,12,933.05223,36.4,79,332,28
267,15,833,Red Oak,QURU,B06B,N,1,Y,C,100,11.5,lo,2017,jul,7.98,83.5,10,55.5,55.5,2419.220649,65.5,3369.551624,10,950.330975,36.4,79,332,28
268,15,833,Red Oak,QURU,B06B,N,1,Y,C,100,11.5,lo,2017,aug,8.43,79.44444444,3,65.5,65.5,3369.551624,68.5,3685.281419,3,315.729795,36.4,79,332,28
269,15,833,Red Oak,QURU,B06B,N,1,Y,C,100,11.5,lo,2017,sep,3.32,76.06896552,0,68.5,68.5,3685.281419,68.5,3685.281419,0,0,36.4,79,332,28
270,15,833,Red Oak,QURU,B06B,N,1,Y,C,100,11.5,lo,2017,oct,5.57,68.52380952,0,68.5,68.5,3685.281419,68.5,3685.281419,0,0,36.4,79,332,28
271,16,833,Red Oak,QURU,B06B,N,1,N,C,130,12.9,lo,2015,may,NA,NA,NA,12.9,12.9,130.697998,NA,NA,NA,NA,37.27,58,360,0
272,16,833,Red Oak,QURU,B06B,N,1,N,C,130,12.9,lo,2015,jun,11.87,77.65625,8,12.9,12.9,130.697998,20.9,343.069482,8,212.371484,37.27,58,360,0
273,16,833,Red Oak,QURU,B06B,N,1,N,C,130,12.9,lo,2015,jul,NA,NA,NA,20.9,20.9,343.069482,NA,NA,NA,NA,37.27,58,360,0
274,16,833,Red Oak,QURU,B06B,N,1,N,C,130,12.9,lo,2015,aug,NA,NA,NA,20.9,20.9,343.069482,NA,NA,NA,NA,37.27,58,360,0
275,16,833,Red Oak,QURU,B06B,N,1,N,C,130,12.9,lo,2015,sep,NA,NA,NA,20.9,20.9,343.069482,NA,NA,NA,NA,37.27,58,360,0
276,16,833,Red Oak,QURU,B06B,N,1,N,C,130,12.9,lo,2015,oct,NA,NA,NA,20.9,20.9,343.069482,NA,NA,NA,NA,37.27,58,360,0
277,16,833,Red Oak,QURU,B06B,N,1,N,C,130,12.9,lo,2016,may,3.24,62.07142857,1,20.9,20.9,343.069482,21.9,376.684495,1,33.615013,37.27,59,360,0
278,16,833,Red Oak,QURU,B06B,N,1,N,C,130,12.9,lo,2016,jun,3.08,81.83783784,4,21.9,21.9,376.684495,25.9,526.852497,4,150.168002,37.27,59,360,0
279,16,833,Red Oak,QURU,B06B,N,1,N,C,130,12.9,lo,2016,jul,2.74,87.13793103,0,25.9,25.9,526.852497,25.9,526.852497,0,0,37.27,59,360,0
280,16,833,Red Oak,QURU,B06B,N,1,N,C,130,12.9,lo,2016,aug,6.49,86.26315789,0,25.9,25.9,526.852497,25.9,526.852497,0,0,37.27,59,360,0
281,16,833,Red Oak,QURU,B06B,N,1,N,C,130,12.9,lo,2016,sep,2.3,80.92592593,0,25.9,25.9,526.852497,25.9,526.852497,0,0,37.27,59,360,0
282,16,833,Red Oak,QURU,B06B,N,1,N,C,130,12.9,lo,2016,oct,2.91,65.5625,0,25.9,25.9,526.852497,25.9,526.852497,0,0,37.27,59,360,0
283,16,833,Red Oak,QURU,B06B,N,1,N,C,130,12.9,lo,2017,may,3.87,67.66666667,4,25.9,25.9,526.852497,29.9,702.153219,4,175.300722,37.27,60,360,0
284,16,833,Red Oak,QURU,B06B,N,1,N,C,130,12.9,lo,2017,jun,6,77.41666667,8,29.9,29.9,702.153219,37.9,1128.152823,8,425.999604,37.27,60,360,0
285,16,833,Red Oak,QURU,B06B,N,1,N,C,130,12.9,lo,2017,jul,7.98,83.5,7,37.9,37.9,1128.152823,44.9,1583.369214,7,455.216391,37.27,60,360,0
286,16,833,Red Oak,QURU,B06B,N,1,N,C,130,12.9,lo,2017,aug,8.43,79.44444444,0,44.9,44.9,1583.369214,44.9,1583.369214,0,0,37.27,60,360,0
287,16,833,Red Oak,QURU,B06B,N,1,N,C,130,12.9,lo,2017,sep,3.32,76.06896552,NA,44.9,44.9,1583.369214,NA,NA,NA,NA,37.27,60,360,0
288,16,833,Red Oak,QURU,B06B,N,1,N,C,130,12.9,lo,2017,oct,5.57,68.52380952,1,44.9,44.9,1583.369214,45.9,1654.683307,1,71.314093,37.27,60,360,0
289,17,832,Chestnut Oak,QUMO,B06B,N,1,Y,D,90,16.5,lo,2015,may,NA,NA,NA,16.5,16.5,213.8244694,NA,NA,NA,NA,72.76,127,332,28
290,17,832,Chestnut Oak,QUMO,B06B,N,1,Y,D,90,16.5,lo,2015,jun,11.87,77.65625,0,16.5,16.5,213.8244694,16.5,213.8244694,0,0,72.76,127,332,28
291,17,832,Chestnut Oak,QUMO,B06B,N,1,Y,D,90,16.5,lo,2015,jul,NA,NA,NA,16.5,16.5,213.8244694,NA,NA,NA,NA,72.76,127,332,28
292,17,832,Chestnut Oak,QUMO,B06B,N,1,Y,D,90,16.5,lo,2015,aug,NA,NA,NA,16.5,16.5,213.8244694,NA,NA,NA,NA,72.76,127,332,28
293,17,832,Chestnut Oak,QUMO,B06B,N,1,Y,D,90,16.5,lo,2015,sep,4.736666667,82.17582418,0,16.5,16.5,213.8244694,16.5,213.8244694,0,0,72.76,127,332,28
294,17,832,Chestnut Oak,QUMO,B06B,N,1,Y,D,90,16.5,lo,2015,oct,7.32,67.88372093,0,16.5,16.5,213.8244694,16.5,213.8244694,0,0,72.76,127,332,28
295,17,832,Chestnut Oak,QUMO,B06B,N,1,Y,D,90,16.5,lo,2016,may,3.24,62.07142857,0,16.5,16.5,213.8244694,16.5,213.8244694,0,0,72.76,128,332,28
296,17,832,Chestnut Oak,QUMO,B06B,N,1,Y,D,90,16.5,lo,2016,jun,3.08,81.83783784,0,16.5,16.5,213.8244694,16.5,213.8244694,0,0,72.76,128,332,28
297,17,832,Chestnut Oak,QUMO,B06B,N,1,Y,D,90,16.5,lo,2016,jul,2.74,87.13793103,1,16.5,16.5,213.8244694,17.5,240.5279844,1,26.703515,72.76,128,332,28
298,17,832,Chestnut Oak,QUMO,B06B,N,1,Y,D,90,16.5,lo,2016,aug,6.49,86.26315789,1,17.5,17.5,240.5279844,18.5,268.8022944,1,28.27431,72.76,128,332,28
299,17,832,Chestnut Oak,QUMO,B06B,N,1,Y,D,90,16.5,lo,2016,sep,2.3,80.92592593,0,18.5,18.5,268.8022944,18.5,268.8022944,0,0,72.76,128,332,28
300,17,832,Chestnut Oak,QUMO,B06B,N,1,Y,D,90,16.5,lo,2016,oct,2.91,65.5625,0,18.5,18.5,268.8022944,18.5,268.8022944,0,0,72.76,128,332,28
301,17,832,Chestnut Oak,QUMO,B06B,N,1,Y,D,90,16.5,lo,2017,may,3.87,67.66666667,0,18.5,18.5,268.8022944,18.5,268.8022944,0,0,72.76,129,332,28
302,17,832,Chestnut Oak,QUMO,B06B,N,1,Y,D,90,16.5,lo,2017,jun,6,77.41666667,0,18.5,18.5,268.8022944,18.5,268.8022944,0,0,72.76,129,332,28
303,17,832,Chestnut Oak,QUMO,B06B,N,1,Y,D,90,16.5,lo,2017,jul,7.98,83.5,4,18.5,18.5,268.8022944,22.5,397.6074844,4,128.80519,72.76,129,332,28
304,17,832,Chestnut Oak,QUMO,B06B,N,1,Y,D,90,16.5,lo,2017,aug,8.43,79.44444444,0,22.5,22.5,397.6074844,22.5,397.6074844,0,0,72.76,129,332,28
305,17,832,Chestnut Oak,QUMO,B06B,N,1,Y,D,90,16.5,lo,2017,sep,3.32,76.06896552,0,22.5,22.5,397.6074844,22.5,397.6074844,0,0,72.76,129,332,28
306,17,832,Chestnut Oak,QUMO,B06B,N,1,Y,D,90,16.5,lo,2017,oct,5.57,68.52380952,1,22.5,22.5,397.6074844,23.5,433.7357694,1,36.128285,72.76,129,332,28
307,18,129,White Pine,PIST,B06B,N,1,N,C,160,4.5,lo,2015,may,NA,NA,NA,4.5,4.5,15.90429938,NA,NA,NA,NA,38.22,40,360,0
308,18,129,White Pine,PIST,B06B,N,1,N,C,160,4.5,lo,2015,jun,11.87,77.65625,0,4.5,4.5,15.90429938,4.5,15.90429938,0,0,38.22,40,360,0
309,18,129,White Pine,PIST,B06B,N,1,N,C,160,4.5,lo,2015,jul,NA,NA,NA,4.5,4.5,15.90429938,NA,NA,NA,NA,38.22,40,360,0
310,18,129,White Pine,PIST,B06B,N,1,N,C,160,4.5,lo,2015,aug,NA,NA,NA,4.5,4.5,15.90429938,NA,NA,NA,NA,38.22,40,360,0
311,18,129,White Pine,PIST,B06B,N,1,N,C,160,4.5,lo,2015,sep,4.736666667,82.17582418,0,4.5,4.5,15.90429938,4.5,15.90429938,0,0,38.22,40,360,0
312,18,129,White Pine,PIST,B06B,N,1,N,C,160,4.5,lo,2015,oct,7.32,67.88372093,0,4.5,4.5,15.90429938,4.5,15.90429938,0,0,38.22,40,360,0
313,18,129,White Pine,PIST,B06B,N,1,N,C,160,4.5,lo,2016,may,3.24,62.07142857,0,4.5,4.5,15.90429938,4.5,15.90429938,0,0,38.22,41,360,0
314,18,129,White Pine,PIST,B06B,N,1,N,C,160,4.5,lo,2016,jun,3.08,81.83783784,0,4.5,4.5,15.90429938,4.5,15.90429938,0,0,38.22,41,360,0
315,18,129,White Pine,PIST,B06B,N,1,N,C,160,4.5,lo,2016,jul,2.74,87.13793103,0,4.5,4.5,15.90429938,4.5,15.90429938,0,0,38.22,41,360,0
316,18,129,White Pine,PIST,B06B,N,1,N,C,160,4.5,lo,2016,aug,6.49,86.26315789,0,4.5,4.5,15.90429938,4.5,15.90429938,0,0,38.22,41,360,0
317,18,129,White Pine,PIST,B06B,N,1,N,C,160,4.5,lo,2016,sep,2.3,80.92592593,0,4.5,4.5,15.90429938,4.5,15.90429938,0,0,38.22,41,360,0
318,18,129,White Pine,PIST,B06B,N,1,N,C,160,4.5,lo,2016,oct,2.91,65.5625,0,4.5,4.5,15.90429938,4.5,15.90429938,0,0,38.22,41,360,0
319,18,129,White Pine,PIST,B06B,N,1,N,C,160,4.5,lo,2017,may,3.87,67.66666667,0,4.5,4.5,15.90429938,4.5,15.90429938,0,0,38.22,42,360,0
320,18,129,White Pine,PIST,B06B,N,1,N,C,160,4.5,lo,2017,jun,6,77.41666667,1,4.5,4.5,15.90429938,5.5,23.75827438,1,7.853975,38.22,42,360,0
321,18,129,White Pine,PIST,B06B,N,1,N,C,160,4.5,lo,2017,jul,7.98,83.5,1,5.5,5.5,23.75827438,6.5,33.18304438,1,9.42477,38.22,42,360,0
322,18,129,White Pine,PIST,B06B,N,1,N,C,160,4.5,lo,2017,aug,8.43,79.44444444,0,6.5,6.5,33.18304438,6.5,33.18304438,0,0,38.22,42,360,0
323,18,129,White Pine,PIST,B06B,N,1,N,C,160,4.5,lo,2017,sep,3.32,76.06896552,0,6.5,6.5,33.18304438,6.5,33.18304438,0,0,38.22,42,360,0
324,18,129,White Pine,PIST,B06B,N,1,N,C,160,4.5,lo,2017,oct,5.57,68.52380952,0,6.5,6.5,33.18304438,6.5,33.18304438,0,0,38.22,42,360,0
325,19,832,Chestnut Oak,QUMO,B06B,N,1,N,C,150,13.6,lo,2015,may,NA,NA,NA,13.6,13.6,145.2671216,NA,NA,NA,NA,45.46,71.24413,360,0
326,19,832,Chestnut Oak,QUMO,B06B,N,1,N,C,150,13.6,lo,2015,jun,11.87,77.65625,0,13.6,13.6,145.2671216,13.6,145.2671216,0,0,45.46,71.24413,360,0
327,19,832,Chestnut Oak,QUMO,B06B,N,1,N,C,150,13.6,lo,2015,jul,NA,NA,NA,13.6,13.6,145.2671216,NA,NA,NA,NA,45.46,71.24413,360,0
328,19,832,Chestnut Oak,QUMO,B06B,N,1,N,C,150,13.6,lo,2015,aug,NA,NA,NA,13.6,13.6,145.2671216,NA,NA,NA,NA,45.46,71.24413,360,0
329,19,832,Chestnut Oak,QUMO,B06B,N,1,N,C,150,13.6,lo,2015,sep,NA,NA,NA,13.6,13.6,145.2671216,NA,NA,NA,NA,45.46,71.24413,360,0
330,19,832,Chestnut Oak,QUMO,B06B,N,1,N,C,150,13.6,lo,2015,oct,NA,NA,NA,13.6,13.6,145.2671216,NA,NA,NA,NA,45.46,71.24413,360,0
331,19,832,Chestnut Oak,QUMO,B06B,N,1,N,C,150,13.6,lo,2016,may,3.24,62.07142857,0,13.6,13.6,145.2671216,13.6,145.2671216,0,0,45.46,72.24413,360,0
332,19,832,Chestnut Oak,QUMO,B06B,N,1,N,C,150,13.6,lo,2016,jun,3.08,81.83783784,1,13.6,13.6,145.2671216,14.6,167.4153311,1,22.1482095,45.46,72.24413,360,0
333,19,832,Chestnut Oak,QUMO,B06B,N,1,N,C,150,13.6,lo,2016,jul,2.74,87.13793103,2,14.6,14.6,167.4153311,16.6,216.4241351,2,49.008804,45.46,72.24413,360,0
334,19,832,Chestnut Oak,QUMO,B06B,N,1,N,C,150,13.6,lo,2016,aug,6.49,86.26315789,1,16.6,16.6,216.4241351,17.6,243.2847296,1,26.8605945,45.46,72.24413,360,0
335,19,832,Chestnut Oak,QUMO,B06B,N,1,N,C,150,13.6,lo,2016,sep,2.3,80.92592593,0,17.6,17.6,243.2847296,17.6,243.2847296,0,0,45.46,72.24413,360,0
336,19,832,Chestnut Oak,QUMO,B06B,N,1,N,C,150,13.6,lo,2016,oct,2.91,65.5625,0,17.6,17.6,243.2847296,17.6,243.2847296,0,0,45.46,72.24413,360,0
337,19,832,Chestnut Oak,QUMO,B06B,N,1,N,C,150,13.6,lo,2017,may,3.87,67.66666667,2,17.6,17.6,243.2847296,19.6,301.7183036,2,58.433574,45.46,73.24413,360,0
338,19,832,Chestnut Oak,QUMO,B06B,N,1,N,C,150,13.6,lo,2017,jun,6,77.41666667,2,19.6,19.6,301.7183036,21.6,366.4350576,2,64.716754,45.46,73.24413,360,0
339,19,832,Chestnut Oak,QUMO,B06B,N,1,N,C,150,13.6,lo,2017,jul,7.98,83.5,1.5,21.6,21.6,366.4350576,23.1,419.09596,1.5,52.66090237,45.46,73.24413,360,0
340,19,832,Chestnut Oak,QUMO,B06B,N,1,N,C,150,13.6,lo,2017,aug,8.43,79.44444444,1,23.1,23.1,419.09596,24.1,456.166722,1,37.070762,45.46,73.24413,360,0
341,19,832,Chestnut Oak,QUMO,B06B,N,1,N,C,150,13.6,lo,2017,sep,3.32,76.06896552,1,24.1,24.1,456.166722,25.1,494.808279,1,38.641557,45.46,73.24413,360,0
342,19,832,Chestnut Oak,QUMO,B06B,N,1,N,C,150,13.6,lo,2017,oct,5.57,68.52380952,0.5,25.1,25.1,494.808279,25.6,514.7181056,0.5,19.90982663,45.46,73.24413,360,0
343,20,129,White Pine,PIST,B06B,N,1,Y,C,80,8.2,lo,2015,may,NA,NA,NA,8.2,8.2,52.8101279,NA,NA,NA,NA,61.63,56,318,42
344,20,129,White Pine,PIST,B06B,N,1,Y,C,80,8.2,lo,2015,jun,11.87,77.65625,7,8.2,8.2,52.8101279,15.2,181.4582384,7,128.6481105,61.63,56,318,42
345,20,129,White Pine,PIST,B06B,N,1,Y,C,80,8.2,lo,2015,jul,NA,NA,NA,15.2,15.2,181.4582384,NA,NA,NA,NA,61.63,56,318,42
346,20,129,White Pine,PIST,B06B,N,1,Y,C,80,8.2,lo,2015,aug,NA,NA,NA,15.2,15.2,181.4582384,NA,NA,NA,NA,61.63,56,318,42
347,20,129,White Pine,PIST,B06B,N,1,Y,C,80,8.2,lo,2015,sep,4.736666667,82.17582418,4.3333,15.2,23.8666,447.3738793,28.1999,624.5750783,4.3333,177.2011989,61.63,56,318,42
348,20,129,White Pine,PIST,B06B,N,1,Y,C,80,8.2,lo,2015,oct,7.32,67.88372093,3,19.5333,19.5333,299.668266,22.5333,398.7852734,3,99.11700742,61.63,56,318,42
349,20,129,White Pine,PIST,B06B,N,1,Y,C,80,8.2,lo,2016,may,3.24,62.07142857,9,22.5333,22.5333,398.7852734,31.5333,780.9592257,9,382.1739523,61.63,57,318,42
350,20,129,White Pine,PIST,B06B,N,1,Y,C,80,8.2,lo,2016,jun,3.08,81.83783784,11,31.5333,31.5333,780.9592257,42.5333,1420.848173,11,639.8889472,61.63,57,318,42
351,20,129,White Pine,PIST,B06B,N,1,Y,C,80,8.2,lo,2016,jul,2.74,87.13793103,8,42.5333,42.5333,1420.848173,50.5333,2005.602373,8,584.7541998,61.63,57,318,42
352,20,129,White Pine,PIST,B06B,N,1,Y,C,80,8.2,lo,2016,aug,6.49,86.26315789,13,50.5333,50.5333,2005.602373,63.5333,3170.241465,13,1164.639092,61.63,57,318,42
353,20,129,White Pine,PIST,B06B,N,1,Y,C,80,8.2,lo,2016,sep,2.3,80.92592593,6,63.5333,63.5333,3170.241465,69.5333,3797.302515,6,627.0610498,61.63,57,318,42
354,20,129,White Pine,PIST,B06B,N,1,Y,C,80,8.2,lo,2016,oct,2.91,65.5625,2,69.5333,69.5333,3797.302515,71.5333,4018.889225,2,221.5867099,61.63,57,318,42
355,20,129,White Pine,PIST,B06B,N,1,Y,C,80,8.2,lo,2017,may,3.87,67.66666667,16,71.5333,71.5333,4018.889225,87.5333,6017.777384,16,1998.88816,61.63,58,318,42
356,20,129,White Pine,PIST,B06B,N,1,Y,C,80,8.2,lo,2017,jun,6,77.41666667,17,87.5333,87.5333,6017.777384,104.5333,8582.204051,17,2564.426667,61.63,58,318,42
357,20,129,White Pine,PIST,B06B,N,1,Y,C,80,8.2,lo,2017,jul,7.98,83.5,12,104.5333,104.5333,8582.204051,116.5333,10665.70591,12,2083.50186,61.63,58,318,42
358,20,129,White Pine,PIST,B06B,N,1,Y,C,80,8.2,lo,2017,aug,8.43,79.44444444,15,116.5333,116.5333,10665.70591,131.5333,13588.16922,15,2922.463312,61.63,58,318,42
359,20,129,White Pine,PIST,B06B,N,1,Y,C,80,8.2,lo,2017,sep,3.32,76.06896552,7,131.5333,131.5333,13588.16922,138.5333,15072.93665,7,1484.767427,61.63,58,318,42
360,20,129,White Pine,PIST,B06B,N,1,Y,C,80,8.2,lo,2017,oct,5.57,68.52380952,NA,138.5333,138.5333,15072.93665,NA,NA,NA,NA,61.63,58,318,42
361,21,316,Red Maple,ACRU,B06B,N,1,Y,C,70,10.9,lo,2015,may,NA,NA,NA,10.9,10.9,93.31307698,NA,NA,NA,NA,30.97,66.06128,340,20
362,21,316,Red Maple,ACRU,B06B,N,1,Y,C,70,10.9,lo,2015,jun,11.87,77.65625,3,10.9,10.9,93.31307698,13.9,151.746651,3,58.433574,30.97,66.06128,340,20
363,21,316,Red Maple,ACRU,B06B,N,1,Y,C,70,10.9,lo,2015,jul,NA,NA,NA,13.9,13.9,151.746651,NA,NA,NA,NA,30.97,66.06128,340,20
364,21,316,Red Maple,ACRU,B06B,N,1,Y,C,70,10.9,lo,2015,aug,6,82.31,NA,13.9,13.9,151.746651,NA,NA,NA,NA,30.97,66.06128,340,20
365,21,316,Red Maple,ACRU,B06B,N,1,Y,C,70,10.9,lo,2015,sep,NA,NA,NA,13.9,13.9,151.746651,NA,NA,NA,NA,30.97,66.06128,340,20
366,21,316,Red Maple,ACRU,B06B,N,1,Y,C,70,10.9,lo,2015,oct,NA,NA,NA,13.9,13.9,151.746651,NA,NA,NA,NA,30.97,66.06128,340,20
367,21,316,Red Maple,ACRU,B06B,N,1,Y,C,70,10.9,lo,2016,may,3.24,62.07142857,0,15.4,15.4,186.2648711,15.4,186.2648711,0,0,30.97,67.06128,340,20
368,21,316,Red Maple,ACRU,B06B,N,1,Y,C,70,10.9,lo,2016,jun,3.08,81.83783784,3,15.4,15.4,186.2648711,18.4,265.9041776,3,79.6393065,30.97,67.06128,340,20
369,21,316,Red Maple,ACRU,B06B,N,1,Y,C,70,10.9,lo,2016,jul,2.74,87.13793103,2,18.4,18.4,265.9041776,20.4,326.8510236,2,60.946846,30.97,67.06128,340,20
370,21,316,Red Maple,ACRU,B06B,N,1,Y,C,70,10.9,lo,2016,aug,6.49,86.26315789,1,20.4,20.4,326.8510236,21.4,359.6806391,1,32.8296155,30.97,67.06128,340,20
371,21,316,Red Maple,ACRU,B06B,N,1,Y,C,70,10.9,lo,2016,sep,2.3,80.92592593,0,21.4,21.4,359.6806391,21.4,359.6806391,0,0,30.97,67.06128,340,20
372,21,316,Red Maple,ACRU,B06B,N,1,Y,C,70,10.9,lo,2016,oct,2.91,65.5625,0,21.4,21.4,359.6806391,21.4,359.6806391,0,0,30.97,67.06128,340,20
373,21,316,Red Maple,ACRU,B06B,N,1,Y,C,70,10.9,lo,2017,may,3.87,67.66666667,1,21.4,21.4,359.6806391,22.4,394.0810496,1,34.4004105,30.97,68.06128,340,20
374,21,316,Red Maple,ACRU,B06B,N,1,Y,C,70,10.9,lo,2017,jun,6,77.41666667,6,22.4,22.4,394.0810496,28.4,633.4702076,6,239.389158,30.97,68.06128,340,20
375,21,316,Red Maple,ACRU,B06B,N,1,Y,C,70,10.9,lo,2017,jul,7.98,83.5,6,28.4,28.4,633.4702076,34.4,929.4079856,6,295.937778,30.97,68.06128,340,20
376,21,316,Red Maple,ACRU,B06B,N,1,Y,C,70,10.9,lo,2017,aug,8.43,79.44444444,0,34.4,34.4,929.4079856,34.4,929.4079856,0,0,30.97,68.06128,340,20
377,21,316,Red Maple,ACRU,B06B,N,1,Y,C,70,10.9,lo,2017,sep,3.32,76.06896552,0,34.4,34.4,929.4079856,34.4,929.4079856,0,0,30.97,68.06128,340,20
378,21,316,Red Maple,ACRU,B06B,N,1,Y,C,70,10.9,lo,2017,oct,5.57,68.52380952,0.5,34.4,34.4,929.4079856,34.9,956.622009,0.5,27.21402338,30.97,68.06128,340,20
379,22,316,Red Maple,ACRU,B06B,N,1,N,C,110,11.9,lo,2015,may,NA,NA,NA,11.9,11.9,111.22014,NA,NA,NA,NA,15.08,47,338,22
380,22,316,Red Maple,ACRU,B06B,N,1,N,C,110,11.9,lo,2015,jun,11.87,77.65625,2,11.9,11.9,111.22014,13.9,151.746651,2,40.526511,15.08,47,338,22
381,22,316,Red Maple,ACRU,B06B,N,1,N,C,110,11.9,lo,2015,jul,NA,NA,NA,13.9,13.9,151.746651,NA,NA,NA,NA,15.08,47,338,22
382,22,316,Red Maple,ACRU,B06B,N,1,N,C,110,11.9,lo,2015,aug,6,82.31,1.5,13.9,15.4,186.2648711,16.9,224.31738,1.5,38.05250887,15.08,47,338,22
383,22,316,Red Maple,ACRU,B06B,N,1,N,C,110,11.9,lo,2015,sep,NA,NA,NA,15.4,15.4,186.2648711,NA,NA,NA,NA,15.08,47,338,22
384,22,316,Red Maple,ACRU,B06B,N,1,N,C,110,11.9,lo,2015,oct,4.765,72.72727273,0,15.4,15.4,186.2648711,15.4,186.2648711,0,0,15.08,47,338,22
385,22,316,Red Maple,ACRU,B06B,N,1,N,C,110,11.9,lo,2016,may,3.24,62.07142857,0,15.4,15.4,186.2648711,15.4,186.2648711,0,0,15.08,48,338,22
386,22,316,Red Maple,ACRU,B06B,N,1,N,C,110,11.9,lo,2016,jun,3.08,81.83783784,3,15.4,15.4,186.2648711,18.4,265.9041776,3,79.6393065,15.08,48,338,22
387,22,316,Red Maple,ACRU,B06B,N,1,N,C,110,11.9,lo,2016,jul,2.74,87.13793103,1,18.4,18.4,265.9041776,19.4,295.5922031,1,29.6880255,15.08,48,338,22
388,22,316,Red Maple,ACRU,B06B,N,1,N,C,110,11.9,lo,2016,aug,6.49,86.26315789,0,19.4,19.4,295.5922031,19.4,295.5922031,0,0,15.08,48,338,22
389,22,316,Red Maple,ACRU,B06B,N,1,N,C,110,11.9,lo,2016,sep,2.3,80.92592593,0,19.4,19.4,295.5922031,19.4,295.5922031,0,0,15.08,48,338,22
390,22,316,Red Maple,ACRU,B06B,N,1,N,C,110,11.9,lo,2016,oct,2.91,65.5625,0,19.4,19.4,295.5922031,19.4,295.5922031,0,0,15.08,48,338,22
391,22,316,Red Maple,ACRU,B06B,N,1,N,C,110,11.9,lo,2017,may,3.87,67.66666667,0,19.4,19.4,295.5922031,19.4,295.5922031,0,0,15.08,49,338,22
392,22,316,Red Maple,ACRU,B06B,N,1,N,C,110,11.9,lo,2017,jun,NA,NA,NA,19.4,19.4,295.5922031,NA,NA,NA,NA,15.08,49,338,22
393,22,316,Red Maple,ACRU,B06B,N,1,N,C,110,11.9,lo,2017,jul,7.98,83.5,0,19.4,19.4,295.5922031,19.4,295.5922031,0,0,15.08,49,338,22
394,22,316,Red Maple,ACRU,B06B,N,1,N,C,110,11.9,lo,2017,aug,8.43,79.44444444,0,19.4,19.4,295.5922031,19.4,295.5922031,0,0,15.08,49,338,22
395,22,316,Red Maple,ACRU,B06B,N,1,N,C,110,11.9,lo,2017,sep,3.32,76.06896552,0,19.4,19.4,295.5922031,19.4,295.5922031,0,0,15.08,49,338,22
396,22,316,Red Maple,ACRU,B06B,N,1,N,C,110,11.9,lo,2017,oct,5.57,68.52380952,0,19.4,19.4,295.5922031,19.4,295.5922031,0,0,15.08,49,338,22
397,23,372,Black Birch,BELE,B10B,S,2,Y,C,70,13.5,lo,2015,may,NA,NA,NA,13.5,13.5,143.1386944,NA,NA,NA,NA,6.14,47,167,167
398,23,372,Black Birch,BELE,B10B,S,2,Y,C,70,13.5,lo,2015,jun,NA,NA,NA,13.5,13.5,143.1386944,NA,NA,NA,NA,6.14,47,167,167
399,23,372,Black Birch,BELE,B10B,S,2,Y,C,70,13.5,lo,2015,jul,8.85,78.09,5,13.5,18.5,268.8022944,23.5,433.7357694,5,164.933475,6.14,47,167,167
400,23,372,Black Birch,BELE,B10B,S,2,Y,C,70,13.5,lo,2015,aug,4.33,83.57575758,7,18.5,18.5,268.8022944,25.5,510.7047244,7,241.90243,6.14,47,167,167
401,23,372,Black Birch,BELE,B10B,S,2,Y,C,70,13.5,lo,2015,sep,NA,NA,NA,25.5,25.5,510.7047244,NA,NA,NA,NA,6.14,47,167,167
402,23,372,Black Birch,BELE,B10B,S,2,Y,C,70,13.5,lo,2015,oct,6.27,74.6375,1.5,25.5,27,572.5547775,28.5,637.9391194,1.5,65.38434188,6.14,47,167,167
403,23,372,Black Birch,BELE,B10B,S,2,Y,C,70,13.5,lo,2016,may,3.24,62.07142857,0,27,27,572.5547775,27,572.5547775,0,0,6.14,48,167,167
404,23,372,Black Birch,BELE,B10B,S,2,Y,C,70,13.5,lo,2016,jun,3.08,81.83783784,6,27,27,572.5547775,33,855.2978775,6,282.7431,6.14,48,167,167
405,23,372,Black Birch,BELE,B10B,S,2,Y,C,70,13.5,lo,2016,jul,2.74,87.13793103,3.5,33,33,855.2978775,36.5,1046.345819,3.5,191.0479419,6.14,48,167,167
406,23,372,Black Birch,BELE,B10B,S,2,Y,C,70,13.5,lo,2016,aug,NA,NA,NA,36.5,36.5,1046.345819,NA,NA,NA,NA,6.14,48,167,167
407,23,372,Black Birch,BELE,B10B,S,2,Y,C,70,13.5,lo,2016,sep,2.3,80.92592593,0,36.5,36.5,1046.345819,36.5,1046.345819,0,0,6.14,48,167,167
408,23,372,Black Birch,BELE,B10B,S,2,Y,C,70,13.5,lo,2016,oct,2.91,65.5625,0,36.5,36.5,1046.345819,36.5,1046.345819,0,0,6.14,48,167,167
409,23,372,Black Birch,BELE,B10B,S,2,Y,C,70,13.5,lo,2017,may,3.87,67.66666667,0,36.5,36.5,1046.345819,36.5,1046.345819,0,0,6.14,49,167,167
410,23,372,Black Birch,BELE,B10B,S,2,Y,C,70,13.5,lo,2017,jun,6,77.39473684,4,36.5,36.5,1046.345819,40.5,1288.248249,4,241.90243,6.14,49,167,167
411,23,372,Black Birch,BELE,B10B,S,2,Y,C,70,13.5,lo,2017,jul,7.9,84,5,40.5,40.5,1288.248249,45.5,1625.969174,5,337.720925,6.14,49,167,167
412,23,372,Black Birch,BELE,B10B,S,2,Y,C,70,13.5,lo,2017,aug,8.43,79.35135135,3,45.5,45.5,1625.969174,48.5,1847.451269,3,221.482095,6.14,49,167,167
413,23,372,Black Birch,BELE,B10B,S,2,Y,C,70,13.5,lo,2017,sep,3.07,76.53571429,0,48.5,48.5,1847.451269,48.5,1847.451269,0,0,6.14,49,167,167
414,23,372,Black Birch,BELE,B10B,S,2,Y,C,70,13.5,lo,2017,oct,5.06,69.20512821,0,48.5,48.5,1847.451269,48.5,1847.451269,0,0,6.14,49,167,167
415,24,372,Black Birch,BELE,B10B,S,2,N,C,90,10.3,lo,2015,may,NA,NA,NA,10.3,10.3,83.32282078,NA,NA,NA,NA,45.48,56,171,171
416,24,372,Black Birch,BELE,B10B,S,2,N,C,90,10.3,lo,2015,jun,NA,NA,NA,10.3,10.3,83.32282078,NA,NA,NA,NA,45.48,56,171,171
417,24,372,Black Birch,BELE,B10B,S,2,N,C,90,10.3,lo,2015,jul,8.85,78.09,2,10.3,12.3,118.8227878,14.3,160.6059348,2,41.783147,45.48,56,171,171
418,24,372,Black Birch,BELE,B10B,S,2,N,C,90,10.3,lo,2015,aug,4.33,83.57575758,3,12.3,12.3,118.8227878,15.3,183.8537008,3,65.030913,45.48,56,171,171
419,24,372,Black Birch,BELE,B10B,S,2,N,C,90,10.3,lo,2015,sep,NA,NA,NA,15.3,15.3,183.8537008,NA,NA,NA,NA,45.48,56,171,171
420,24,372,Black Birch,BELE,B10B,S,2,N,C,90,10.3,lo,2015,oct,6.27,74.6375,0.5,15.3,15.8,196.0666319,16.3,208.6722618,0.5,12.60562988,45.48,56,171,171
421,24,372,Black Birch,BELE,B10B,S,2,N,C,90,10.3,lo,2016,may,3.24,62.07142857,0,15.8,15.8,196.0666319,15.8,196.0666319,0,0,45.48,57,171,171
422,24,372,Black Birch,BELE,B10B,S,2,N,C,90,10.3,lo,2016,jun,3.08,81.83783784,5,15.8,15.8,196.0666319,20.8,339.7943744,5,143.7277425,45.48,57,171,171
423,24,372,Black Birch,BELE,B10B,S,2,N,C,90,10.3,lo,2016,jul,2.74,87.13793103,2,20.8,20.8,339.7943744,22.8,408.2810364,2,68.486662,45.48,57,171,171
424,24,372,Black Birch,BELE,B10B,S,2,N,C,90,10.3,lo,2016,aug,6.49,86.26315789,1,22.8,22.8,408.2810364,23.8,444.8805599,1,36.5995235,45.48,57,171,171
425,24,372,Black Birch,BELE,B10B,S,2,N,C,90,10.3,lo,2016,sep,2.3,80.92592593,0,23.8,23.8,444.8805599,23.8,444.8805599,0,0,45.48,57,171,171
426,24,372,Black Birch,BELE,B10B,S,2,N,C,90,10.3,lo,2016,oct,2.91,65.5625,1,23.8,23.8,444.8805599,24.8,483.0508784,1,38.1703185,45.48,57,171,171
427,24,372,Black Birch,BELE,B10B,S,2,N,C,90,10.3,lo,2017,may,3.87,67.66666667,1,24.8,24.8,483.0508784,25.8,522.7919919,1,39.7411135,45.48,58,171,171
428,24,372,Black Birch,BELE,B10B,S,2,N,C,90,10.3,lo,2017,jun,6,77.39473684,4,25.8,25.8,522.7919919,29.8,697.4643959,4,174.672404,45.48,58,171,171
429,24,372,Black Birch,BELE,B10B,S,2,N,C,90,10.3,lo,2017,jul,7.9,84,3,29.8,29.8,697.4643959,32.8,844.9620464,3,147.4976505,45.48,58,171,171
430,24,372,Black Birch,BELE,B10B,S,2,N,C,90,10.3,lo,2017,aug,8.43,79.35135135,2,32.8,32.8,844.9620464,34.8,951.1477884,2,106.185742,45.48,58,171,171
431,24,372,Black Birch,BELE,B10B,S,2,N,C,90,10.3,lo,2017,sep,3.07,76.53571429,0,34.8,34.8,951.1477884,34.8,951.1477884,0,0,45.48,58,171,171
432,24,372,Black Birch,BELE,B10B,S,2,N,C,90,10.3,lo,2017,oct,5.06,69.20512821,0.5,34.8,34.8,951.1477884,35.3,978.6759708,0.5,27.52818238,45.48,58,171,171
433,25,743,Bigtooth Aspen,POGR,C03x,N,1,N,C,150,10.8,na,2015,may,NA,NA,NA,10.8,10.8,91.6087644,NA,NA,NA,NA,121.49,59,330,30
434,25,743,Bigtooth Aspen,POGR,C03x,N,1,N,C,150,10.8,na,2015,jun,NA,NA,NA,10.8,10.8,91.6087644,NA,NA,NA,NA,121.49,59,330,30
435,25,743,Bigtooth Aspen,POGR,C03x,N,1,N,C,150,10.8,na,2015,jul,NA,NA,NA,10.8,10.8,91.6087644,NA,NA,NA,NA,121.49,59,330,30
436,25,743,Bigtooth Aspen,POGR,C03x,N,1,N,C,150,10.8,na,2015,aug,NA,NA,NA,10.8,10.8,91.6087644,NA,NA,NA,NA,121.49,59,330,30
437,25,743,Bigtooth Aspen,POGR,C03x,N,1,N,C,150,10.8,na,2015,sep,NA,NA,NA,10.8,10.8,91.6087644,NA,NA,NA,NA,121.49,59,330,30
438,25,743,Bigtooth Aspen,POGR,C03x,N,1,N,C,150,10.8,na,2015,oct,NA,NA,NA,10.8,10.8,91.6087644,NA,NA,NA,NA,121.49,59,330,30
439,25,743,Bigtooth Aspen,POGR,C03x,N,1,N,C,150,10.8,na,2016,may,NA,NA,NA,10.8,10.8,91.6087644,NA,NA,NA,NA,121.49,60,330,30
440,25,743,Bigtooth Aspen,POGR,C03x,N,1,N,C,150,10.8,na,2016,jun,NA,NA,NA,10.8,10.8,91.6087644,NA,NA,NA,NA,121.49,60,330,30
441,25,743,Bigtooth Aspen,POGR,C03x,N,1,N,C,150,10.8,na,2016,jul,NA,NA,NA,10.8,10.8,91.6087644,NA,NA,NA,NA,121.49,60,330,30
442,25,743,Bigtooth Aspen,POGR,C03x,N,1,N,C,150,10.8,na,2016,aug,NA,NA,NA,10.8,10.8,91.6087644,NA,NA,NA,NA,121.49,60,330,30
443,25,743,Bigtooth Aspen,POGR,C03x,N,1,N,C,150,10.8,na,2016,sep,NA,NA,NA,10.8,10.8,91.6087644,NA,NA,NA,NA,121.49,60,330,30
444,25,743,Bigtooth Aspen,POGR,C03x,N,1,N,C,150,10.8,na,2016,oct,NA,NA,NA,10.8,10.8,91.6087644,NA,NA,NA,NA,121.49,60,330,30
445,25,743,Bigtooth Aspen,POGR,C03x,N,1,N,C,150,10.8,na,2017,may,3.62,67.40625,0,10.8,10.8,91.6087644,10.8,91.6087644,0,0,121.49,61,330,30
446,25,743,Bigtooth Aspen,POGR,C03x,N,1,N,C,150,10.8,na,2017,jun,5.88,77.15151515,1,10.8,10.8,91.6087644,11.8,109.3587479,1,17.7499835,121.49,61,330,30
447,25,743,Bigtooth Aspen,POGR,C03x,N,1,N,C,150,10.8,na,2017,jul,10.17,83.48484848,0,11.8,11.8,109.3587479,11.8,109.3587479,0,0,121.49,61,330,30
448,25,743,Bigtooth Aspen,POGR,C03x,N,1,N,C,150,10.8,na,2017,aug,8.43,79.44444444,0,11.8,11.8,109.3587479,11.8,109.3587479,0,0,121.49,61,330,30
449,25,743,Bigtooth Aspen,POGR,C03x,N,1,N,C,150,10.8,na,2017,sep,3.32,76.06896552,0,11.8,11.8,109.3587479,11.8,109.3587479,0,0,121.49,61,330,30
450,25,743,Bigtooth Aspen,POGR,C03x,N,1,N,C,150,10.8,na,2017,oct,5.06,69.20512821,0.5,11.8,11.8,109.3587479,12.3,118.8227878,0.5,9.464039875,121.49,61,330,30
451,26,802,White Oak,QUAL,C03x,N,1,N,C,110,11.1,na,2015,may,NA,NA,NA,11.1,11.1,96.76882598,NA,NA,NA,NA,115.69,64,340,20
452,26,802,White Oak,QUAL,C03x,N,1,N,C,110,11.1,na,2015,jun,NA,NA,NA,11.1,11.1,96.76882598,NA,NA,NA,NA,115.69,64,340,20
453,26,802,White Oak,QUAL,C03x,N,1,N,C,110,11.1,na,2015,jul,NA,NA,NA,11.1,11.1,96.76882598,NA,NA,NA,NA,115.69,64,340,20
454,26,802,White Oak,QUAL,C03x,N,1,N,C,110,11.1,na,2015,aug,NA,NA,NA,11.1,11.1,96.76882598,NA,NA,NA,NA,115.69,64,340,20
455,26,802,White Oak,QUAL,C03x,N,1,N,C,110,11.1,na,2015,sep,NA,NA,NA,11.1,11.1,96.76882598,NA,NA,NA,NA,115.69,64,340,20
456,26,802,White Oak,QUAL,C03x,N,1,N,C,110,11.1,na,2015,oct,NA,NA,NA,11.1,11.1,96.76882598,NA,NA,NA,NA,115.69,64,340,20
457,26,802,White Oak,QUAL,C03x,N,1,N,C,110,11.1,na,2016,may,NA,NA,NA,11.1,11.1,96.76882598,NA,NA,NA,NA,115.69,65,340,20
458,26,802,White Oak,QUAL,C03x,N,1,N,C,110,11.1,na,2016,jun,NA,NA,NA,11.1,11.1,96.76882598,NA,NA,NA,NA,115.69,65,340,20
459,26,802,White Oak,QUAL,C03x,N,1,N,C,110,11.1,na,2016,jul,NA,NA,NA,11.1,11.1,96.76882598,NA,NA,NA,NA,115.69,65,340,20
460,26,802,White Oak,QUAL,C03x,N,1,N,C,110,11.1,na,2016,aug,NA,NA,NA,11.1,11.1,96.76882598,NA,NA,NA,NA,115.69,65,340,20
461,26,802,White Oak,QUAL,C03x,N,1,N,C,110,11.1,na,2016,sep,NA,NA,NA,11.1,11.1,96.76882598,NA,NA,NA,NA,115.69,65,340,20
462,26,802,White Oak,QUAL,C03x,N,1,N,C,110,11.1,na,2016,oct,NA,NA,NA,11.1,11.1,96.76882598,NA,NA,NA,NA,115.69,65,340,20
463,26,802,White Oak,QUAL,C03x,N,1,N,C,110,11.1,na,2017,may,3.62,67.40625,0,11.1,11.1,96.76882598,11.1,96.76882598,0,0,115.69,66,340,20
464,26,802,White Oak,QUAL,C03x,N,1,N,C,110,11.1,na,2017,jun,5.88,77.15151515,0.5,11.1,11.1,96.76882598,11.6,105.6830876,0.5,8.914261625,115.69,66,340,20
465,26,802,White Oak,QUAL,C03x,N,1,N,C,110,11.1,na,2017,jul,10.17,83.48484848,2,11.6,11.6,105.6830876,13.6,145.2671216,2,39.584034,115.69,66,340,20
466,26,802,White Oak,QUAL,C03x,N,1,N,C,110,11.1,na,2017,aug,8.43,79.44444444,1,13.6,13.6,145.2671216,14.6,167.4153311,1,22.1482095,115.69,66,340,20
467,26,802,White Oak,QUAL,C03x,N,1,N,C,110,11.1,na,2017,sep,3.32,76.06896552,0,14.6,14.6,167.4153311,14.6,167.4153311,0,0,115.69,66,340,20
468,26,802,White Oak,QUAL,C03x,N,1,N,C,110,11.1,na,2017,oct,5.06,69.20512821,0,14.6,14.6,167.4153311,14.6,167.4153311,0,0,115.69,66,340,20
469,27,129,White Pine,PIST,C03x,N,2,N,C,170,15.3,na,2015,may,NA,NA,NA,15.3,15.3,183.8537008,NA,NA,NA,NA,115.86,97,347,13
470,27,129,White Pine,PIST,C03x,N,2,N,C,170,15.3,na,2015,jun,NA,NA,NA,15.3,15.3,183.8537008,NA,NA,NA,NA,115.86,97,347,13
471,27,129,White Pine,PIST,C03x,N,2,N,C,170,15.3,na,2015,jul,NA,NA,NA,15.3,15.3,183.8537008,NA,NA,NA,NA,115.86,97,347,13
472,27,129,White Pine,PIST,C03x,N,2,N,C,170,15.3,na,2015,aug,NA,NA,NA,15.3,15.3,183.8537008,NA,NA,NA,NA,115.86,97,347,13
473,27,129,White Pine,PIST,C03x,N,2,N,C,170,15.3,na,2015,sep,NA,NA,NA,15.3,15.3,183.8537008,NA,NA,NA,NA,115.86,97,347,13
474,27,129,White Pine,PIST,C03x,N,2,N,C,170,15.3,na,2015,oct,NA,NA,NA,15.3,15.3,183.8537008,NA,NA,NA,NA,115.86,97,347,13
475,27,129,White Pine,PIST,C03x,N,2,N,C,170,15.3,na,2016,may,NA,NA,NA,15.3,15.3,183.8537008,NA,NA,NA,NA,115.86,98,347,13
476,27,129,White Pine,PIST,C03x,N,2,N,C,170,15.3,na,2016,jun,NA,NA,NA,15.3,15.3,183.8537008,NA,NA,NA,NA,115.86,98,347,13
477,27,129,White Pine,PIST,C03x,N,2,N,C,170,15.3,na,2016,jul,NA,NA,NA,15.3,15.3,183.8537008,NA,NA,NA,NA,115.86,98,347,13
478,27,129,White Pine,PIST,C03x,N,2,N,C,170,15.3,na,2016,aug,NA,NA,NA,15.3,15.3,183.8537008,NA,NA,NA,NA,115.86,98,347,13
479,27,129,White Pine,PIST,C03x,N,2,N,C,170,15.3,na,2016,sep,NA,NA,NA,15.3,15.3,183.8537008,NA,NA,NA,NA,115.86,98,347,13
480,27,129,White Pine,PIST,C03x,N,2,N,C,170,15.3,na,2016,oct,NA,NA,NA,15.3,15.3,183.8537008,NA,NA,NA,NA,115.86,98,347,13
481,27,129,White Pine,PIST,C03x,N,2,N,C,170,15.3,na,2017,may,3.62,67.40625,0,15.3,15.3,183.8537008,15.3,183.8537008,0,0,115.86,99,347,13
482,27,129,White Pine,PIST,C03x,N,2,N,C,170,15.3,na,2017,jun,5.88,77.15151515,0.5,15.3,15.3,183.8537008,15.8,196.0666319,0.5,12.21293113,115.86,99,347,13
483,27,129,White Pine,PIST,C03x,N,2,N,C,170,15.3,na,2017,jul,10.17,83.48484848,0,15.8,15.8,196.0666319,15.8,196.0666319,0,0,115.86,99,347,13
484,27,129,White Pine,PIST,C03x,N,2,N,C,170,15.3,na,2017,aug,8.43,79.44444444,0,15.8,15.8,196.0666319,15.8,196.0666319,0,0,115.86,99,347,13
485,27,129,White Pine,PIST,C03x,N,2,N,C,170,15.3,na,2017,sep,3.32,76.06896552,0,15.8,15.8,196.0666319,15.8,196.0666319,0,0,115.86,99,347,13
486,27,129,White Pine,PIST,C03x,N,2,N,C,170,15.3,na,2017,oct,5.06,69.20512821,0,15.8,15.8,196.0666319,15.8,196.0666319,0,0,115.86,99,347,13
487,28,261,Eastern Hemlock,TSCA,C03x,N,1,N,I,100,9.6,na,2015,may,NA,NA,NA,9.6,9.6,72.3822336,NA,NA,NA,NA,88.26,81,360,0
488,28,261,Eastern Hemlock,TSCA,C03x,N,1,N,I,100,9.6,na,2015,jun,NA,NA,NA,9.6,9.6,72.3822336,NA,NA,NA,NA,88.26,81,360,0
489,28,261,Eastern Hemlock,TSCA,C03x,N,1,N,I,100,9.6,na,2015,jul,NA,NA,NA,9.6,9.6,72.3822336,NA,NA,NA,NA,88.26,81,360,0
490,28,261,Eastern Hemlock,TSCA,C03x,N,1,N,I,100,9.6,na,2015,aug,NA,NA,NA,9.6,9.6,72.3822336,NA,NA,NA,NA,88.26,81,360,0
491,28,261,Eastern Hemlock,TSCA,C03x,N,1,N,I,100,9.6,na,2015,sep,NA,NA,NA,9.6,9.6,72.3822336,NA,NA,NA,NA,88.26,81,360,0
492,28,261,Eastern Hemlock,TSCA,C03x,N,1,N,I,100,9.6,na,2015,oct,NA,NA,NA,9.6,9.6,72.3822336,NA,NA,NA,NA,88.26,81,360,0
493,28,261,Eastern Hemlock,TSCA,C03x,N,1,N,I,100,9.6,na,2016,may,NA,NA,NA,9.6,9.6,72.3822336,NA,NA,NA,NA,88.26,82,360,0
494,28,261,Eastern Hemlock,TSCA,C03x,N,1,N,I,100,9.6,na,2016,jun,NA,NA,NA,9.6,9.6,72.3822336,NA,NA,NA,NA,88.26,82,360,0
495,28,261,Eastern Hemlock,TSCA,C03x,N,1,N,I,100,9.6,na,2016,jul,NA,NA,NA,9.6,9.6,72.3822336,NA,NA,NA,NA,88.26,82,360,0
496,28,261,Eastern Hemlock,TSCA,C03x,N,1,N,I,100,9.6,na,2016,aug,NA,NA,NA,9.6,9.6,72.3822336,NA,NA,NA,NA,88.26,82,360,0
497,28,261,Eastern Hemlock,TSCA,C03x,N,1,N,I,100,9.6,na,2016,sep,NA,NA,NA,9.6,9.6,72.3822336,NA,NA,NA,NA,88.26,82,360,0
498,28,261,Eastern Hemlock,TSCA,C03x,N,1,N,I,100,9.6,na,2016,oct,NA,NA,NA,9.6,9.6,72.3822336,NA,NA,NA,NA,88.26,82,360,0
499,28,261,Eastern Hemlock,TSCA,C03x,N,1,N,I,100,9.6,na,2017,may,3.62,67.40625,0,9.6,9.6,72.3822336,9.6,72.3822336,0,0,88.26,83,360,0
500,28,261,Eastern Hemlock,TSCA,C03x,N,1,N,I,100,9.6,na,2017,jun,5.88,77.15151515,0,9.6,9.6,72.3822336,9.6,72.3822336,0,0,88.26,83,360,0
501,28,261,Eastern Hemlock,TSCA,C03x,N,1,N,I,100,9.6,na,2017,jul,10.17,83.48484848,0,9.6,9.6,72.3822336,9.6,72.3822336,0,0,88.26,83,360,0
502,28,261,Eastern Hemlock,TSCA,C03x,N,1,N,I,100,9.6,na,2017,aug,8.43,79.44444444,NA,9.6,9.6,72.3822336,NA,NA,NA,NA,88.26,83,360,0
503,28,261,Eastern Hemlock,TSCA,C03x,N,1,N,I,100,9.6,na,2017,sep,3.32,76.06896552,1,9.6,9.6,72.3822336,10.6,88.2472631,1,15.8650295,88.26,83,360,0
504,28,261,Eastern Hemlock,TSCA,C03x,N,1,N,I,100,9.6,na,2017,oct,5.06,69.20512821,0,10.6,10.6,88.2472631,10.6,88.2472631,0,0,88.26,83,360,0
505,29,743,Bigtooth Aspen,POGR,C03x,N,3,Y,C,70,11.9,na,2015,may,NA,NA,NA,11.9,11.9,111.22014,NA,NA,NA,NA,54.1,38,330,30
506,29,743,Bigtooth Aspen,POGR,C03x,N,3,Y,C,70,11.9,na,2015,jun,NA,NA,NA,11.9,11.9,111.22014,NA,NA,NA,NA,54.1,38,330,30
507,29,743,Bigtooth Aspen,POGR,C03x,N,3,Y,C,70,11.9,na,2015,jul,NA,NA,NA,11.9,11.9,111.22014,NA,NA,NA,NA,54.1,38,330,30
508,29,743,Bigtooth Aspen,POGR,C03x,N,3,Y,C,70,11.9,na,2015,aug,NA,NA,NA,11.9,11.9,111.22014,NA,NA,NA,NA,54.1,38,330,30
509,29,743,Bigtooth Aspen,POGR,C03x,N,3,Y,C,70,11.9,na,2015,sep,NA,NA,NA,11.9,11.9,111.22014,NA,NA,NA,NA,54.1,38,330,30
510,29,743,Bigtooth Aspen,POGR,C03x,N,3,Y,C,70,11.9,na,2015,oct,NA,NA,NA,11.9,11.9,111.22014,NA,NA,NA,NA,54.1,38,330,30
511,29,743,Bigtooth Aspen,POGR,C03x,N,3,Y,C,70,11.9,na,2016,may,NA,NA,NA,11.9,11.9,111.22014,NA,NA,NA,NA,54.1,39,330,30
512,29,743,Bigtooth Aspen,POGR,C03x,N,3,Y,C,70,11.9,na,2016,jun,NA,NA,NA,11.9,11.9,111.22014,NA,NA,NA,NA,54.1,39,330,30
513,29,743,Bigtooth Aspen,POGR,C03x,N,3,Y,C,70,11.9,na,2016,jul,NA,NA,NA,11.9,11.9,111.22014,NA,NA,NA,NA,54.1,39,330,30
514,29,743,Bigtooth Aspen,POGR,C03x,N,3,Y,C,70,11.9,na,2016,aug,NA,NA,NA,11.9,11.9,111.22014,NA,NA,NA,NA,54.1,39,330,30
515,29,743,Bigtooth Aspen,POGR,C03x,N,3,Y,C,70,11.9,na,2016,sep,NA,NA,NA,11.9,11.9,111.22014,NA,NA,NA,NA,54.1,39,330,30
516,29,743,Bigtooth Aspen,POGR,C03x,N,3,Y,C,70,11.9,na,2016,oct,NA,NA,NA,11.9,11.9,111.22014,NA,NA,NA,NA,54.1,39,330,30
517,29,743,Bigtooth Aspen,POGR,C03x,N,3,Y,C,70,11.9,na,2017,may,3.62,67.40625,0,11.9,11.9,111.22014,11.9,111.22014,0,0,54.1,40,330,30
518,29,743,Bigtooth Aspen,POGR,C03x,N,3,Y,C,70,11.9,na,2017,jun,NA,NA,NA,11.9,11.9,111.22014,NA,NA,NA,NA,54.1,40,330,30
519,29,743,Bigtooth Aspen,POGR,C03x,N,3,Y,C,70,11.9,na,2017,jul,10.17,83.48484848,0,11.9,11.9,111.22014,11.9,111.22014,0,0,54.1,40,330,30
520,29,743,Bigtooth Aspen,POGR,C03x,N,3,Y,C,70,11.9,na,2017,aug,8.43,79.44444444,0,11.9,11.9,111.22014,11.9,111.22014,0,0,54.1,40,330,30
521,29,743,Bigtooth Aspen,POGR,C03x,N,3,Y,C,70,11.9,na,2017,sep,3.32,76.06896552,0,11.9,11.9,111.22014,11.9,111.22014,0,0,54.1,40,330,30
522,29,743,Bigtooth Aspen,POGR,C03x,N,3,Y,C,70,11.9,na,2017,oct,5.06,69.20512821,0,11.9,11.9,111.22014,11.9,111.22014,0,0,54.1,40,330,30
523,30,129,White Pine,PIST,C03x,N,3,Y,C,60,12.2,na,2015,may,NA,NA,NA,12.2,12.2,116.8985639,NA,NA,NA,NA,65.46,99,345,15
524,30,129,White Pine,PIST,C03x,N,3,Y,C,60,12.2,na,2015,jun,NA,NA,NA,12.2,12.2,116.8985639,NA,NA,NA,NA,65.46,99,345,15
525,30,129,White Pine,PIST,C03x,N,3,Y,C,60,12.2,na,2015,jul,NA,NA,NA,12.2,12.2,116.8985639,NA,NA,NA,NA,65.46,99,345,15
526,30,129,White Pine,PIST,C03x,N,3,Y,C,60,12.2,na,2015,aug,NA,NA,NA,12.2,12.2,116.8985639,NA,NA,NA,NA,65.46,99,345,15
527,30,129,White Pine,PIST,C03x,N,3,Y,C,60,12.2,na,2015,sep,NA,NA,NA,12.2,12.2,116.8985639,NA,NA,NA,NA,65.46,99,345,15
528,30,129,White Pine,PIST,C03x,N,3,Y,C,60,12.2,na,2015,oct,NA,NA,NA,12.2,12.2,116.8985639,NA,NA,NA,NA,65.46,99,345,15
529,30,129,White Pine,PIST,C03x,N,3,Y,C,60,12.2,na,2016,may,NA,NA,NA,12.2,12.2,116.8985639,NA,NA,NA,NA,65.46,100,345,15
530,30,129,White Pine,PIST,C03x,N,3,Y,C,60,12.2,na,2016,jun,NA,NA,NA,12.2,12.2,116.8985639,NA,NA,NA,NA,65.46,100,345,15
531,30,129,White Pine,PIST,C03x,N,3,Y,C,60,12.2,na,2016,jul,NA,NA,NA,12.2,12.2,116.8985639,NA,NA,NA,NA,65.46,100,345,15
532,30,129,White Pine,PIST,C03x,N,3,Y,C,60,12.2,na,2016,aug,NA,NA,NA,12.2,12.2,116.8985639,NA,NA,NA,NA,65.46,100,345,15
533,30,129,White Pine,PIST,C03x,N,3,Y,C,60,12.2,na,2016,sep,NA,NA,NA,12.2,12.2,116.8985639,NA,NA,NA,NA,65.46,100,345,15
534,30,129,White Pine,PIST,C03x,N,3,Y,C,60,12.2,na,2016,oct,NA,NA,NA,12.2,12.2,116.8985639,NA,NA,NA,NA,65.46,100,345,15
535,30,129,White Pine,PIST,C03x,N,3,Y,C,60,12.2,na,2017,may,3.62,67.40625,1,12.2,12.2,116.8985639,13.2,136.8476604,1,19.9490965,65.46,101,345,15
536,30,129,White Pine,PIST,C03x,N,3,Y,C,60,12.2,na,2017,jun,5.88,77.15151515,0,13.2,13.2,136.8476604,13.2,136.8476604,0,0,65.46,101,345,15
537,30,129,White Pine,PIST,C03x,N,3,Y,C,60,12.2,na,2017,jul,10.17,83.48484848,0,13.2,13.2,136.8476604,13.2,136.8476604,0,0,65.46,101,345,15
538,30,129,White Pine,PIST,C03x,N,3,Y,C,60,12.2,na,2017,aug,8.43,79.44444444,0,13.2,13.2,136.8476604,13.2,136.8476604,0,0,65.46,101,345,15
539,30,129,White Pine,PIST,C03x,N,3,Y,C,60,12.2,na,2017,sep,3.32,76.06896552,NA,13.2,13.2,136.8476604,NA,NA,NA,NA,65.46,101,345,15
540,30,129,White Pine,PIST,C03x,N,3,Y,C,60,12.2,na,2017,oct,5.06,69.20512821,0,13.2,13.2,136.8476604,13.2,136.8476604,0,0,65.46,101,345,15
541,31,261,Eastern Hemlock,TSCA,C03x,N,3,Y,I,70,8,na,2015,may,NA,NA,NA,8,8,50.26544,NA,NA,NA,NA,100.23,37,360,0
542,31,261,Eastern Hemlock,TSCA,C03x,N,3,Y,I,70,8,na,2015,jun,NA,NA,NA,8,8,50.26544,NA,NA,NA,NA,100.23,37,360,0
543,31,261,Eastern Hemlock,TSCA,C03x,N,3,Y,I,70,8,na,2015,jul,NA,NA,NA,8,8,50.26544,NA,NA,NA,NA,100.23,37,360,0
544,31,261,Eastern Hemlock,TSCA,C03x,N,3,Y,I,70,8,na,2015,aug,NA,NA,NA,8,8,50.26544,NA,NA,NA,NA,100.23,37,360,0
545,31,261,Eastern Hemlock,TSCA,C03x,N,3,Y,I,70,8,na,2015,sep,NA,NA,NA,8,8,50.26544,NA,NA,NA,NA,100.23,37,360,0
546,31,261,Eastern Hemlock,TSCA,C03x,N,3,Y,I,70,8,na,2015,oct,NA,NA,NA,8,8,50.26544,NA,NA,NA,NA,100.23,37,360,0
547,31,261,Eastern Hemlock,TSCA,C03x,N,3,Y,I,70,8,na,2016,may,NA,NA,NA,8,8,50.26544,NA,NA,NA,NA,100.23,38,360,0
548,31,261,Eastern Hemlock,TSCA,C03x,N,3,Y,I,70,8,na,2016,jun,NA,NA,NA,8,8,50.26544,NA,NA,NA,NA,100.23,38,360,0
549,31,261,Eastern Hemlock,TSCA,C03x,N,3,Y,I,70,8,na,2016,jul,NA,NA,NA,8,8,50.26544,NA,NA,NA,NA,100.23,38,360,0
550,31,261,Eastern Hemlock,TSCA,C03x,N,3,Y,I,70,8,na,2016,aug,NA,NA,NA,8,8,50.26544,NA,NA,NA,NA,100.23,38,360,0
551,31,261,Eastern Hemlock,TSCA,C03x,N,3,Y,I,70,8,na,2016,sep,NA,NA,NA,8,8,50.26544,NA,NA,NA,NA,100.23,38,360,0
552,31,261,Eastern Hemlock,TSCA,C03x,N,3,Y,I,70,8,na,2016,oct,NA,NA,NA,8,8,50.26544,NA,NA,NA,NA,100.23,38,360,0
553,31,261,Eastern Hemlock,TSCA,C03x,N,3,Y,I,70,8,na,2017,may,3.62,67.40625,5,8,8,50.26544,13,132.7321775,5,82.4667375,100.23,39,360,0
554,31,261,Eastern Hemlock,TSCA,C03x,N,3,Y,I,70,8,na,2017,jun,5.88,77.15151515,9,13,13,132.7321775,22,380.13239,9,247.4002125,100.23,39,360,0
555,31,261,Eastern Hemlock,TSCA,C03x,N,3,Y,I,70,8,na,2017,jul,10.17,83.48484848,8.5,22,22,380.13239,30.5,730.6160244,8.5,350.4836344,100.23,39,360,0
556,31,261,Eastern Hemlock,TSCA,C03x,N,3,Y,I,70,8,na,2017,aug,8.43,79.44444444,6,30.5,30.5,730.6160244,36.5,1046.345819,6,315.729795,100.23,39,360,0
557,31,261,Eastern Hemlock,TSCA,C03x,N,3,Y,I,70,8,na,2017,sep,3.32,76.06896552,0,36.5,36.5,1046.345819,36.5,1046.345819,0,0,100.23,39,360,0
558,31,261,Eastern Hemlock,TSCA,C03x,N,3,Y,I,70,8,na,2017,oct,5.06,69.20512821,1,36.5,36.5,1046.345819,37.5,1104.465234,1,58.119415,100.23,39,360,0
559,32,802,White Oak,QUAL,C03x,N,2,Y,C,140,11.7,na,2015,may,NA,NA,NA,11.7,11.7,107.5130638,NA,NA,NA,NA,31.35,64,238,122
560,32,802,White Oak,QUAL,C03x,N,2,Y,C,140,11.7,na,2015,jun,NA,NA,NA,11.7,11.7,107.5130638,NA,NA,NA,NA,31.35,64,238,122
561,32,802,White Oak,QUAL,C03x,N,2,Y,C,140,11.7,na,2015,jul,NA,NA,NA,11.7,11.7,107.5130638,NA,NA,NA,NA,31.35,64,238,122
562,32,802,White Oak,QUAL,C03x,N,2,Y,C,140,11.7,na,2015,aug,NA,NA,NA,11.7,11.7,107.5130638,NA,NA,NA,NA,31.35,64,238,122
563,32,802,White Oak,QUAL,C03x,N,2,Y,C,140,11.7,na,2015,sep,NA,NA,NA,11.7,11.7,107.5130638,NA,NA,NA,NA,31.35,64,238,122
564,32,802,White Oak,QUAL,C03x,N,2,Y,C,140,11.7,na,2015,oct,NA,NA,NA,11.7,11.7,107.5130638,NA,NA,NA,NA,31.35,64,238,122
565,32,802,White Oak,QUAL,C03x,N,2,Y,C,140,11.7,na,2016,may,NA,NA,NA,11.7,11.7,107.5130638,NA,NA,NA,NA,31.35,65,238,122
566,32,802,White Oak,QUAL,C03x,N,2,Y,C,140,11.7,na,2016,jun,NA,NA,NA,11.7,11.7,107.5130638,NA,NA,NA,NA,31.35,65,238,122
567,32,802,White Oak,QUAL,C03x,N,2,Y,C,140,11.7,na,2016,jul,NA,NA,NA,11.7,11.7,107.5130638,NA,NA,NA,NA,31.35,65,238,122
568,32,802,White Oak,QUAL,C03x,N,2,Y,C,140,11.7,na,2016,aug,NA,NA,NA,11.7,11.7,107.5130638,NA,NA,NA,NA,31.35,65,238,122
569,32,802,White Oak,QUAL,C03x,N,2,Y,C,140,11.7,na,2016,sep,NA,NA,NA,11.7,11.7,107.5130638,NA,NA,NA,NA,31.35,65,238,122
570,32,802,White Oak,QUAL,C03x,N,2,Y,C,140,11.7,na,2016,oct,NA,NA,NA,11.7,11.7,107.5130638,NA,NA,NA,NA,31.35,65,238,122
571,32,802,White Oak,QUAL,C03x,N,2,Y,C,140,11.7,na,2017,may,3.62,67.40625,0,11.7,11.7,107.5130638,11.7,107.5130638,0,0,31.35,66,238,122
572,32,802,White Oak,QUAL,C03x,N,2,Y,C,140,11.7,na,2017,jun,5.88,77.15151515,8,11.7,11.7,107.5130638,19.7,304.8049158,8,197.291852,31.35,66,238,122
573,32,802,White Oak,QUAL,C03x,N,2,Y,C,140,11.7,na,2017,jul,10.17,83.48484848,1.5,19.7,19.7,304.8049158,21.2,352.9890524,1.5,48.18413663,31.35,66,238,122
574,32,802,White Oak,QUAL,C03x,N,2,Y,C,140,11.7,na,2017,aug,8.43,79.44444444,1,21.2,21.2,352.9890524,22.2,387.0753039,1,34.0862515,31.35,66,238,122
575,32,802,White Oak,QUAL,C03x,N,2,Y,C,140,11.7,na,2017,sep,3.32,76.06896552,0,22.2,22.2,387.0753039,22.2,387.0753039,0,0,31.35,66,238,122
576,32,802,White Oak,QUAL,C03x,N,2,Y,C,140,11.7,na,2017,oct,5.06,69.20512821,0.5,22.2,22.2,387.0753039,22.7,404.7074778,0.5,17.63217388,31.35,66,238,122
